Nome da locação,Valor do aluguel,Menor distância,Tempo andando,Link para a pagina
Apartamento - Kitchnet,453.00,1535.2,20.0,https://www.cardinali.com.br/alugar/Sao-Carlos/Apartamento/Kitchnet/Vila-Celina/105393
Apartamento Kitnet com 1 dormitório na Vila Celina próximo ao Hospital Universitário da UFSCar em São Carlos,441.53,1535.2,20.0,https://www.cardinali.com.br/alugar/Sao-Carlos/Apartamento/Kitchnet/Vila-Celina/105395
Apartamento Kitnet com 1 dormitório no Jardim Tangará próximo a Escola Antônio Stella Moruzzi em São Carlos,445.00,4792.0,62.5,https://www.cardinali.com.br/alugar/Sao-Carlos/Apartamento/Kitchnet/Jardim-Tangara/35041
Apartamento - Padrão,491.98,919.0,12.0,https://www.cardinali.com.br/alugar/Sao-Carlos/Apartamento/Padrao/Cidade-Jardim/2587
Apartamento - Kitchnet sem Condomínio,463.00,4792.0,62.5,https://www.cardinali.com.br/alugar/Sao-Carlos/Apartamento/Kitchnet-sem-Condominio/Jardim-Tangara/112076
Apartamento com 1 dormitório na Vila Celina próximo ao Hospital Universitário da UFSCar em São Carlos,525.00,1535.2,20.0,https://www.cardinali.com.br/alugar/Sao-Carlos/Apartamento/Kitchnet/Vila-Celina/118739
apartamento de um dormitório proxímo a UFSCAR,525.00,1535.2,20.0,https://www.cardinali.com.br/alugar/Sao-Carlos/Apartamento/Kitchnet/Vila-Celina/207400
Apartamento Kitnet com 1 dormitório no Jardim Tangará próximo a Escola Antônio Stella Moruzzi em São Carlos,500.00,4792.0,62.5,https://www.cardinali.com.br/alugar/Sao-Carlos/Apartamento/Kitchnet/Jardim-Tangara/35044
Apartamento - Kitchnet,531.00,4792.0,62.5,https://www.cardinali.com.br/alugar/Sao-Carlos/Apartamento/Kitchnet/Jardim-Tangara/197897
apartamento de um dormitório próximo a UFSCAR,531.00,4792.0,62.5,https://www.cardinali.com.br/alugar/Sao-Carlos/Apartamento/Kitchnet/Jardim-Tangara/197899
Apartamento Kitnet com 1 dormitório no Loteamento Hab. São Carlos I próximo a USF Santa Angelina em São Carlos,576.00,20204.9,263.5,https://www.cardinali.com.br/alugar/Sao-Carlos/Apartamento/Kitchnet-sem-Condominio/Loteamento-Habitacional-Sao-Carlos-I/36355
Apartamento - Padrão,1.494.00,1989.7,26.0,https://www.cardinali.com.br/alugar/Sao-Carlos/Apartamento/Padrao/Centro/205978
Casa - Edícula,560.00,2184.8,28.5,https://www.cardinali.com.br/alugar/Sao-Carlos/Casa/Edicula/Parque-Industrial/203369
apartamento de 1 dormitório próximo a federal,590.00,1600.7,20.9,https://www.cardinali.com.br/alugar/Sao-Carlos/Apartamento/Kitchnet/Vila-Costa-do-Sol/207499
"Anúncio de Locação: Kitchnet em Vila Costa do Sol, São Carlos/SP",590.00,1600.7,20.9,https://www.cardinali.com.br/alugar/Sao-Carlos/Apartamento/Kitchnet/Vila-Costa-do-Sol/207665
Apartamento - Kitchnet,660.00,1015.4,13.2,https://www.cardinali.com.br/alugar/Sao-Carlos/Apartamento/Kitchnet/Jardim-Paraiso/37486
Apartamento - Kitchnet,660.00,1015.4,13.2,https://www.cardinali.com.br/alugar/Sao-Carlos/Apartamento/Kitchnet/Jardim-Paraiso/37492
Apartamento - Kitchnet,660.00,1015.4,13.2,https://www.cardinali.com.br/alugar/Sao-Carlos/Apartamento/Kitchnet/Jardim-Paraiso/37495
Kit.,660.00,1015.4,13.2,https://www.cardinali.com.br/alugar/Sao-Carlos/Apartamento/Kitchnet/Jardim-Paraiso/109136
Apartamento - Padrão,865.92,2798.8,36.5,https://www.cardinali.com.br/alugar/Sao-Carlos/Apartamento/Padrao/Parque-Santa-Felicia-Jardim/117187
Apartamento - Kitchnet,660.00,1015.4,13.2,https://www.cardinali.com.br/alugar/Sao-Carlos/Apartamento/Kitchnet/Jardim-Paraiso/119337
Apartamento - Kitchnet,660.00,1015.4,13.2,https://www.cardinali.com.br/alugar/Sao-Carlos/Apartamento/Kitchnet/Jardim-Paraiso/119341
Apartamento - Kitchnet,617.82,1695.5,22.1,https://www.cardinali.com.br/alugar/Sao-Carlos/Apartamento/Kitchnet/Jardim-Bandeirantes/200704
Casa - Padrão,602.00,7456.6,97.3,https://www.cardinali.com.br/alugar/Sao-Carlos/Casa/Padrao/Cidade-Aracy/203252
Apartamento - Padrão,612.00,4642.8,60.6,https://www.cardinali.com.br/alugar/Sao-Carlos/Apartamento/Padrao/Jardim-Ipanema/36208
Apartamento - Kitchnet sem Condomínio,612.00,1989.7,26.0,https://www.cardinali.com.br/alugar/Sao-Carlos/Apartamento/Kitchnet-sem-Condominio/Centro/204947
Apartamento - Padrão,1.055.24,4642.8,60.6,https://www.cardinali.com.br/comprar/Sao-Carlos/Apartamento/Padrao/Jardim-Ipanema/22102
Apartamento Kitnet com 1 dormitório no Jardim Bandeirantes próximo a USP em São Carlos.,650.00,1695.5,22.1,https://www.cardinali.com.br/alugar/Sao-Carlos/Apartamento/Kitchnet/Jardim-Bandeirantes/37990
Apartamento - Padrão,1.640.00,12026.8,156.9,https://www.cardinali.com.br/alugar/Sao-Carlos/Apartamento/Padrao/Vila-Nery/104858
Kit.,650.00,2140.3,27.9,https://www.cardinali.com.br/alugar/Sao-Carlos/Apartamento/Kitchnet/Parque-Arnold-Schimidt/203491
Kit.,650.00,2140.3,27.9,https://www.cardinali.com.br/alugar/Sao-Carlos/Apartamento/Kitchnet/Parque-Arnold-Schimidt/203492
Apartamento - Kitchnet,740.00,2782.5,36.3,https://www.cardinali.com.br/alugar/Sao-Carlos/Apartamento/Kitchnet/Vila-Monteiro-Gleba-I/110754
Apartamento - Padrão,992.00,4642.8,60.6,https://www.cardinali.com.br/alugar/Sao-Carlos/Apartamento/Padrao/Jardim-Ipanema/53080
"Kit com 1 dormitório, cozinha, banheiro e área de serviço",727.00,2798.8,36.5,https://www.cardinali.com.br/alugar/Sao-Carlos/Apartamento/Kitchnet-sem-Condominio/Parque-Santa-Felicia-Jardim/110878
Kit.,667.00,4642.8,60.6,https://www.cardinali.com.br/alugar/Sao-Carlos/Apartamento/Kitchnet/Jardim-Ipanema/200211
Apartamento - Padrão,1.524.87,12026.8,156.9,https://www.cardinali.com.br/alugar/Sao-Carlos/Apartamento/Padrao/Vila-Nery/77362
Apartamento com 1 dormitório no Jardim São Carlos próximo a Paróquia São Judas Tadeu em São Carlos,1.630.00,1989.7,26.0,https://www.cardinali.com.br/alugar/Sao-Carlos/Apartamento/Padrao/Centro/113129
Apartamento - Kitchnet,670.00,3437.1,44.8,https://www.cardinali.com.br/alugar/Sao-Carlos/Apartamento/Kitchnet/Recreio-dos-Bandeirantes/200313
Apartamento - Kitchnet,670.00,3437.1,44.8,https://www.cardinali.com.br/alugar/Sao-Carlos/Apartamento/Kitchnet/Recreio-dos-Bandeirantes/200314
kitchnet na frente da rodoviária.,740.00,2782.5,36.3,https://www.cardinali.com.br/alugar/Sao-Carlos/Apartamento/Kitchnet/Vila-Monteiro-Gleba-I/205789
Apartamento - Padrão,944.30,4330.9,56.5,https://www.cardinali.com.br/alugar/Sao-Carlos/Apartamento/Padrao/Jardim-das-Torres/59128
Apartamento - Padrão,876.00,1389.5,18.1,https://www.cardinali.com.br/alugar/Sao-Carlos/Apartamento/Padrao/Vila-Marina/55909
Apartamento com 2 dormitórios no Romeu Santini próximo a UBS Botafogo em São Carlos,820.00,4013.1,52.3,https://www.cardinali.com.br/alugar/Sao-Carlos/Apartamento/Padrao/Romeu-Santini/78271
Apartamento - Padrão,854.89,4013.1,52.3,https://www.cardinali.com.br/alugar/Sao-Carlos/Apartamento/Padrao/Romeu-Santini/79495
Apartamento - Kitchnet,810.00,2782.5,36.3,https://www.cardinali.com.br/alugar/Sao-Carlos/Apartamento/Kitchnet/Vila-Monteiro-Gleba-I/110756
kit de um dormitório no centro de São Carlos.,720.00,1989.7,26.0,https://www.cardinali.com.br/alugar/Sao-Carlos/Apartamento/Kitchnet/Centro/202946
Apartamento - Padrão,1.124.29,5225.2,68.2,https://www.cardinali.com.br/alugar/Sao-Carlos/Apartamento/Padrao/Recreio-Sao-Judas-Tadeu/106719
Apartamento - Kitchnet,722.00,5294.4,69.1,https://www.cardinali.com.br/alugar/Sao-Carlos/Apartamento/Kitchnet/Jardim-Sao-Rafael/61228
Casa - Padrão,737.90,3822.8,49.9,https://www.cardinali.com.br/alugar/Sao-Carlos/Casa/Padrao/Vila-Boa-Vista-I/76204
Apartamento - Padrão,823.00,4013.1,52.3,https://www.cardinali.com.br/alugar/Sao-Carlos/Apartamento/Padrao/Romeu-Santini/206209
apartamento de dois dormitórios.,955.00,4330.9,56.5,https://www.cardinali.com.br/alugar/Sao-Carlos/Apartamento/Padrao/Jardim-das-Torres/201738
Kit próximo a entrada da matemática da usp.,780.00,203.9,2.7,https://www.cardinali.com.br/alugar/Sao-Carlos/Apartamento/Kitchnet/Jardim-Lutfalla/110494
Apartamento - Padrão,896.00,203.9,2.7,https://www.cardinali.com.br/alugar/Sao-Carlos/Apartamento/Padrao/Jardim-Lutfalla/116109
Apartamento - Kitchnet sem Condomínio,830.00,1830.2,23.9,https://www.cardinali.com.br/alugar/Sao-Carlos/Apartamento/Kitchnet-sem-Condominio/Jardim-Sao-Carlos/25018
Apartamento - Padrão,926.00,203.9,2.7,https://www.cardinali.com.br/alugar/Sao-Carlos/Apartamento/Padrao/Jardim-Lutfalla/116112
"Apartamento na Vila Nery, Edifício Ana Paula",1.158.00,3181.6,41.5,https://www.cardinali.com.br/comprar/Sao-Carlos/Apartamento/Padrao/Vila-Rancho-Velho/28312
Apartamento - Padrão,1.279.52,1989.7,26.0,https://www.cardinali.com.br/alugar/Sao-Carlos/Apartamento/Padrao/Centro/6310
Apartamento com 1 dormitório no Jardim Bandeirantes próximo a USP em São Carlos,924.00,1695.5,22.1,https://www.cardinali.com.br/alugar/Sao-Carlos/Apartamento/Padrao/Jardim-Bandeirantes/25672
Apartamento com 2 dormitórios no Recreio São Judas Tadeu próximo a Escola Prof. João Jorge Marmorato em São Carlos,978.00,5225.2,68.2,https://www.cardinali.com.br/alugar/Sao-Carlos/Apartamento/Padrao/Recreio-Sao-Judas-Tadeu/29530
Kit.,839.00,2047.6,26.7,https://www.cardinali.com.br/alugar/Sao-Carlos/Apartamento/Kitchnet/Planalto-Paraiso/29701
Apartamento - Padrão,1.274.85,2782.5,36.3,https://www.cardinali.com.br/alugar/Sao-Carlos/Apartamento/Padrao/Vila-Monteiro-Gleba-I/86428
Kit.,841.25,2047.6,26.7,https://www.cardinali.com.br/alugar/Sao-Carlos/Apartamento/Kitchnet/Planalto-Paraiso/106784
Kitnet no Jardim Bandeirantes próximo a Telha Norte em São Carlos,939.18,1695.5,22.1,https://www.cardinali.com.br/alugar/Sao-Carlos/Apartamento/Kitchnet-com-Condominio/Jardim-Bandeirantes/107412
Apartamento - Padrão,1.641.94,12026.8,156.9,https://www.cardinali.com.br/comprar/Sao-Carlos/Apartamento/Padrao/Vila-Nery/109375
Esta é sua grande chance de morar em um casa de 2 dormitórios no Cidade Aracy,798.40,7456.6,97.3,https://www.cardinali.com.br/alugar/Sao-Carlos/Casa/Padrao/Cidade-Aracy/113460
Imóvel bem localizado,940.56,4013.1,52.3,https://www.cardinali.com.br/alugar/Sao-Carlos/Apartamento/Padrao/Romeu-Santini/114950
Apartamento - Padrão,1.030.00,3481.6,45.4,https://www.cardinali.com.br/comprar/Sao-Carlos/Apartamento/Padrao/Residencial-Monsenhor-Romeu-Tortorelli/120352
Casa da frente simples e aconchegante,808.36,5171.5,67.5,https://www.cardinali.com.br/alugar/Sao-Carlos/Casa/Padrao/Vila-Monte-Carlo/180445
Casa - Padrão,778.00,2184.8,28.5,https://www.cardinali.com.br/alugar/Sao-Carlos/Casa/Padrao/Parque-Industrial/199570
Apartamento - Kitchnet sem Condomínio,778.00,1830.2,23.9,https://www.cardinali.com.br/alugar/Sao-Carlos/Apartamento/Kitchnet-sem-Condominio/Jardim-Sao-Carlos/200549
Casa - Padrão,808.00,6854.4,89.4,https://www.cardinali.com.br/comprar/Sao-Carlos/Casa/Padrao/Residencial-Deputado-Jose-Zavaglia/201335
Apartamento - Padrão,1.045.65,4237.2,55.3,https://www.cardinali.com.br/alugar/Sao-Carlos/Apartamento/Padrao/Jardim-Nova-Sao-Carlos/202455
Casa Térrea.,778.00,3196.0,41.7,https://www.cardinali.com.br/alugar/Sao-Carlos/Casa/Padrao/Jardim-Botafogo-I/203265
Casa de fundo pequena e aconchegante em boa localização,778.00,4846.9,63.2,https://www.cardinali.com.br/alugar/Sao-Carlos/Casa/Edicula/Vila-Boa-Vista/207508
Apartamento - Padrão,1.040.06,6904.5,90.1,https://www.cardinali.com.br/alugar/Sao-Carlos/Apartamento/Padrao/Jardim-Embare/112131
Apartamento - Kitchnet,834.00,2561.1,33.4,https://www.cardinali.com.br/alugar/Sao-Carlos/Apartamento/Kitchnet/Jardim-Gibertoni/204993
Apartamento - Kitchnet,956.00,203.9,2.7,https://www.cardinali.com.br/alugar/Sao-Carlos/Apartamento/Kitchnet/Jardim-Lutfalla/143764
Apartamento com 1 dormitório no Jardim Santa Paula próximo ao Parque do Kartódromo em São Carlos,860.00,1231.0,16.1,https://www.cardinali.com.br/alugar/Sao-Carlos/Apartamento/Padrao/Jardim-Santa-Paula/112990
Apartamento - Padrão,1.050.00,6904.5,90.1,https://www.cardinali.com.br/alugar/Sao-Carlos/Apartamento/Padrao/Jardim-Embare/114862
Imovel na cidade Aracy,840.00,7456.6,97.3,https://www.cardinali.com.br/alugar/Sao-Carlos/Casa/Padrao/Cidade-Aracy/207669
Apartamento - Padrão,1.205.00,1990.3,26.0,https://www.cardinali.com.br/alugar/Sao-Carlos/Apartamento/Padrao/Nucleo-Residencial-Silvio-Vilari/203856
Casa - Padrão,868.44,1547.5,20.2,https://www.cardinali.com.br/alugar/Sao-Carlos/Casa/Padrao/Vila-Brasilia/37927
Apartamento - Padrão,1.034.00,919.0,12.0,https://www.cardinali.com.br/alugar/Sao-Carlos/Apartamento/Padrao/Cidade-Jardim/54241
Casa - Padrão,834.00,2798.8,36.5,https://www.cardinali.com.br/alugar/Sao-Carlos/Casa/Padrao/Parque-Santa-Felicia-Jardim/112987
Apartamento - Padrão,1.228.00,2140.3,27.9,https://www.cardinali.com.br/alugar/Sao-Carlos/Apartamento/Padrao/Parque-Arnold-Schimidt/198269
apartamento de dois dormitórios no Bairro jardim Botafogo,989.00,4013.1,52.3,https://www.cardinali.com.br/alugar/Sao-Carlos/Apartamento/Padrao/Romeu-Santini/207650
Casa - Padrão,840.00,2938.4,38.3,https://www.cardinali.com.br/alugar/Sao-Carlos/Casa/Padrao/Vila-Faria/101275
Apartamento - Kitchnet sem Condomínio,974.11,919.0,12.0,https://www.cardinali.com.br/alugar/Sao-Carlos/Apartamento/Kitchnet-sem-Condominio/Cidade-Jardim/99229
Apartamento - Padrão,1.145.00,2798.8,36.5,https://www.cardinali.com.br/alugar/Sao-Carlos/Apartamento/Padrao/Parque-Santa-Felicia-Jardim/104939
Apartamento Kitnet com 2 dormitórios na Vila Brasília próximo a FATEC em São Carlos,902.41,1547.5,20.2,https://www.cardinali.com.br/alugar/Sao-Carlos/Apartamento/Kitchnet-sem-Condominio/Vila-Brasilia/60277
Apartamento Kitnet com 2 dormitórios na Vila Brasília próximo a FATEC em São Carlos,900.00,1547.5,20.2,https://www.cardinali.com.br/alugar/Sao-Carlos/Apartamento/Kitchnet-sem-Condominio/Vila-Brasilia/78010
Imovel locado na região da rodoviária,881.58,2782.5,36.3,https://www.cardinali.com.br/comprar/Sao-Carlos/Casa/Padrao/Vila-Monteiro-Gleba-I/108191
quitinete com 1 dormitórios no Planalto Paraíso em São Carlos - SP,883.00,2047.6,26.7,https://www.cardinali.com.br/alugar/Sao-Carlos/Apartamento/Kitchnet-sem-Condominio/Planalto-Paraiso/118851
kit de um dormitório na cidade jardim,850.00,919.0,12.0,https://www.cardinali.com.br/alugar/Sao-Carlos/Apartamento/Kitchnet/Cidade-Jardim/201974
Casa - Padrão,855.00,4042.7,52.7,https://www.cardinali.com.br/alugar/Sao-Carlos/Casa/Padrao/Vila-Alpes/59560
Apartamento - Padrão,1.026.00,203.9,2.7,https://www.cardinali.com.br/alugar/Sao-Carlos/Apartamento/Padrao/Jardim-Lutfalla/119507
Próximo do Campus I da Usp.,1.067.00,203.9,2.7,https://www.cardinali.com.br/alugar/Sao-Carlos/Apartamento/Padrao/Jardim-Lutfalla/203158
Próximo da USP!,1.026.00,203.9,2.7,https://www.cardinali.com.br/alugar/Sao-Carlos/Apartamento/Padrao/Jardim-Lutfalla/203161
Apartamento com 1 dormitório na Vila Marina próximo ao Hospital Universitário da UFSCar em São Carlos,1.016.00,1389.5,18.1,https://www.cardinali.com.br/alugar/Sao-Carlos/Apartamento/Padrao/Vila-Marina/120359
apartamento de um dormitório,1.189.00,1547.5,20.2,https://www.cardinali.com.br/alugar/Sao-Carlos/Apartamento/Padrao/Vila-Brasilia/18238
Apartamento - Padrão,1.302.00,3447.9,45.0,https://www.cardinali.com.br/comprar/Sao-Carlos/Apartamento/Padrao/Jardim-Ricetti/37360
Apartamento - Padrão,1.331.00,4237.2,55.3,https://www.cardinali.com.br/alugar/Sao-Carlos/Apartamento/Padrao/Jardim-Nova-Sao-Carlos/38746
Apartamento - Apartamento sem condomínio,1.021.21,919.0,12.0,https://www.cardinali.com.br/alugar/Sao-Carlos/Apartamento/Apartamento-sem-condominio/Cidade-Jardim/99196
Apartamento - Padrão,1.261.81,3181.6,41.5,https://www.cardinali.com.br/comprar/Sao-Carlos/Apartamento/Padrao/Vila-Rancho-Velho/104659
Apartamento - Padrão,1.107.44,6091.6,79.5,https://www.cardinali.com.br/comprar/Sao-Carlos/Apartamento/Padrao/Parque-Fehr/106084
Apartamento - Padrão,1.194.60,1989.7,26.0,https://www.cardinali.com.br/comprar/Sao-Carlos/Apartamento/Padrao/Centro/106882
Apartamento com 1 dormitório no Jardim Paraíso próximo ao Hospital São Francisco em São Carlos,1.130.55,1015.4,13.2,https://www.cardinali.com.br/comprar/Sao-Carlos/Apartamento/Padrao/Jardim-Paraiso/107362
Apartamento - Padrão,1.143.00,3481.6,45.4,https://www.cardinali.com.br/alugar/Sao-Carlos/Apartamento/Padrao/Residencial-Monsenhor-Romeu-Tortorelli/107691
Apartamento - Padrão,1.109.00,1712.4,22.3,https://www.cardinali.com.br/comprar/Sao-Carlos/Apartamento/Padrao/Vila-Marigo/108618
Apartamento - Padrão,1.102.77,1712.4,22.3,https://www.cardinali.com.br/comprar/Sao-Carlos/Apartamento/Padrao/Vila-Marigo/108621
Le petit.,1.109.00,1712.4,22.3,https://www.cardinali.com.br/comprar/Sao-Carlos/Apartamento/Padrao/Vila-Marigo/108624
Apartamento - Padrão,1.309.00,2140.3,27.9,https://www.cardinali.com.br/alugar/Sao-Carlos/Apartamento/Padrao/Parque-Arnold-Schimidt/110020
Anúncio de Locação: Apartamento no Jardim Centenário - São Carlos/SP,1.083.35,1740.0,22.7,https://www.cardinali.com.br/alugar/Sao-Carlos/Apartamento/Apartamento-sem-condominio/Jardim-Centenario/115762
apartamento de 1 dormitório próximo a USP,1.113.00,2140.3,27.9,https://www.cardinali.com.br/alugar/Sao-Carlos/Apartamento/Padrao/Parque-Arnold-Schimidt/116030
casa de dois dormitórios,889.00,2798.8,36.5,https://www.cardinali.com.br/alugar/Sao-Carlos/Casa/Padrao/Parque-Santa-Felicia-Jardim/116878
Rural - Chácara,954.00,10231.9,133.5,https://www.cardinali.com.br/comprar/Sao-Carlos/Rural/Chacara/Vale-Santa-Felicidade/119044
Apartamento - Padrão,1.019.00,4013.1,52.3,https://www.cardinali.com.br/alugar/Sao-Carlos/Apartamento/Padrao/Romeu-Santini/119745
Apartamento - Padrão,1.149.42,4237.2,55.3,https://www.cardinali.com.br/alugar/Sao-Carlos/Apartamento/Padrao/Jardim-Nova-Sao-Carlos/120878
Apartamento - Padrão,1.029.00,4013.1,52.3,https://www.cardinali.com.br/alugar/Sao-Carlos/Apartamento/Padrao/Romeu-Santini/199823
Casa de 1 dormitório,924.00,2921.5,38.1,https://www.cardinali.com.br/alugar/Sao-Carlos/Casa/Padrao/Vila-Nossa-Senhora-de-Fatima/201159
área de lazer com piscina e quiosque,969.00,3196.0,41.7,https://www.cardinali.com.br/alugar/Sao-Carlos/Casa/Area-de-Lazer/Jardim-Botafogo-I/202554
Apartamento - Kitchnet sem Condomínio,889.00,1914.6,25.0,https://www.cardinali.com.br/alugar/Sao-Carlos/Apartamento/Kitchnet-sem-Condominio/Jardim-Hikare/203169
Apartamento - Kitchnet sem Condomínio,889.00,1914.6,25.0,https://www.cardinali.com.br/alugar/Sao-Carlos/Apartamento/Kitchnet-sem-Condominio/Jardim-Hikare/203170
Apartamento - Kitchnet sem Condomínio,889.00,1914.6,25.0,https://www.cardinali.com.br/alugar/Sao-Carlos/Apartamento/Kitchnet-sem-Condominio/Jardim-Hikare/203173
Apartamento - Kitchnet sem Condomínio,889.00,1914.6,25.0,https://www.cardinali.com.br/alugar/Sao-Carlos/Apartamento/Kitchnet-sem-Condominio/Jardim-Hikare/203175
Raczs Center.,1.329.00,1989.7,26.0,https://www.cardinali.com.br/alugar/Sao-Carlos/Comercial/Sala-Salao-com-Condominio/Centro/204647
Primavera II.,1.014.00,203.9,2.7,https://www.cardinali.com.br/alugar/Sao-Carlos/Apartamento/Padrao/Jardim-Lutfalla/205985
apartamento de dois dormitórios.,1.287.00,5225.2,68.2,https://www.cardinali.com.br/alugar/Sao-Carlos/Apartamento/Padrao/Recreio-Sao-Judas-Tadeu/206425
Portaria 24 horas 1 vaga de moto e 01 vaga de carro,1.231.74,3481.6,45.4,https://www.cardinali.com.br/alugar/Sao-Carlos/Apartamento/Padrao/Romeu-Tortorelli/206843
Kitnet Nova Proximo à UFScar Kitnet Nova Proximo à UFScar,904.00,1547.5,20.2,https://www.cardinali.com.br/alugar/Sao-Carlos/Apartamento/Kitchnet-sem-Condominio/Vila-Brasilia/207656
Apartamento - Kitchnet sem Condomínio,904.00,1547.5,20.2,https://www.cardinali.com.br/alugar/Sao-Carlos/Apartamento/Kitchnet-sem-Condominio/Vila-Brasilia/207657
Apartamento - Kitchnet sem Condomínio,904.00,1547.5,20.2,https://www.cardinali.com.br/alugar/Sao-Carlos/Apartamento/Kitchnet-sem-Condominio/Vila-Brasilia/207658
Apartamento - Kitchnet sem Condomínio,904.00,1547.5,20.2,https://www.cardinali.com.br/alugar/Sao-Carlos/Apartamento/Kitchnet-sem-Condominio/Vila-Brasilia/207659
Apartamento - Padrão,1.049.00,203.9,2.7,https://www.cardinali.com.br/alugar/Sao-Carlos/Apartamento/Padrao/Jardim-Lutfalla/207744
Apartamento Kitnet com 1 dormitório próximo a UFSCAR em São Carlos,889.00,1547.5,20.2,https://www.cardinali.com.br/alugar/Sao-Carlos/Apartamento/Kitchnet-sem-Condominio/Vila-Brasilia/207807
Apartamento Kitnet com 1 dormitório próximo a UFSCAR em São Carlos,889.00,1547.5,20.2,https://www.cardinali.com.br/alugar/Sao-Carlos/Apartamento/Kitchnet-sem-Condominio/Vila-Brasilia/207808
Apartamento - Padrão,1.090.00,919.0,12.0,https://www.cardinali.com.br/alugar/Sao-Carlos/Apartamento/Padrao/Cidade-Jardim/4822
Apartamento com 2 dormitórios no Centreville próximo a Paróquia São Benedito em São Carlos,915.00,2992.4,39.0,https://www.cardinali.com.br/alugar/Sao-Carlos/Apartamento/Kitchnet/Centreville/38341
Apartamento - Padrão,1.090.00,919.0,12.0,https://www.cardinali.com.br/alugar/Sao-Carlos/Apartamento/Padrao/Cidade-Jardim/39298
Casa - Condomínio,1.063.83,4642.8,60.6,https://www.cardinali.com.br/alugar/Sao-Carlos/Casa/Condominio/Jardim-Ipanema/37729
Apartamento - Padrão,1.270.00,2792.6,36.4,https://www.cardinali.com.br/comprar/Sao-Carlos/Apartamento/Padrao/Vila-Jacobucci/52015
Imóvel bem localizado,900.00,1695.5,22.1,https://www.cardinali.com.br/alugar/Sao-Carlos/Apartamento/Padrao/Jardim-Bandeirantes/111260
Apartamento - Padrão,1.242.60,1015.4,13.2,https://www.cardinali.com.br/alugar/Sao-Carlos/Apartamento/Padrao/Jardim-Paraiso/112961
Apartamento studio de um dormitório.,1.125.00,1989.7,26.0,https://www.cardinali.com.br/comprar/Sao-Carlos/Apartamento/Padrao/Centro/31141
Apartamento - Padrão,1.281.90,1015.4,13.2,https://www.cardinali.com.br/alugar/Sao-Carlos/Apartamento/Padrao/Jardim-Paraiso/33178
Apartamento com 1 dormitório no Parque Arnold Schimidt próximo a USP em São Carlos,1.077.00,2140.3,27.9,https://www.cardinali.com.br/alugar/Sao-Carlos/Apartamento/Padrao/Parque-Arnold-Schimidt/36478
Imóvel bem localizado,963.98,4013.1,52.3,https://www.cardinali.com.br/comprar/Sao-Carlos/Apartamento/Padrao/Romeu-Santini/52879
Apartamento com 2 dormitórios no Cidade Jardim próximo a USP em São Carlos,1.165.23,919.0,12.0,https://www.cardinali.com.br/alugar/Sao-Carlos/Apartamento/Padrao/Cidade-Jardim/75715
Apartamento - Padrão,1.170.00,2140.3,27.9,https://www.cardinali.com.br/alugar/Sao-Carlos/Apartamento/Padrao/Parque-Arnold-Schimidt/99436
Imóvel bem localizado,1.225.88,3181.6,41.5,https://www.cardinali.com.br/alugar/Sao-Carlos/Apartamento/Padrao/Vila-Rancho-Velho/115456
Casa - Padrão,1.041.81,2798.8,36.5,https://www.cardinali.com.br/comprar/Sao-Carlos/Casa/Padrao/Parque-Santa-Felicia-Jardim/198133
aparatamento de dois dormitórios,1.305.00,1914.6,25.0,https://www.cardinali.com.br/comprar/Sao-Carlos/Apartamento/Padrao/Jardim-Hikare/201635
Apartamento - Padrão,1.226.00,6091.6,79.5,https://www.cardinali.com.br/alugar/Sao-Carlos/Apartamento/Padrao/Parque-Fehr/207022
Apartamento - Kitchnet sem Condomínio,960.00,1547.5,20.2,https://www.cardinali.com.br/alugar/Sao-Carlos/Apartamento/Kitchnet-sem-Condominio/Vila-Brasilia/207660
Apartamento com 2 dormitórios no Jardim Embaré próximo a Escola Prof. Nilson Aparecido Gonçalves em São Carlos,1.160.00,6904.5,90.1,https://www.cardinali.com.br/comprar/Sao-Carlos/Apartamento/Padrao/Jardim-Embare/113829
Kit.,950.00,1914.6,25.0,https://www.cardinali.com.br/alugar/Sao-Carlos/Apartamento/Kitchnet/Jardim-Hikare/118929
Apartamento com 3 dormitórios no Centro próximo a Escola Prof. Sebastião de Oliveira Rocha em São Carlos,1.554.00,1989.7,26.0,https://www.cardinali.com.br/comprar/Sao-Carlos/Apartamento/Padrao/Centro/103618
Apartamento - Padrão,1.187.00,1231.0,16.1,https://www.cardinali.com.br/alugar/Sao-Carlos/Apartamento/Padrao/Jardim-Santa-Paula/203811
Casa - Condomínio,1.128.96,4792.0,62.5,https://www.cardinali.com.br/alugar/Sao-Carlos/Casa/Condominio/Jardim-Tangara/113994
Apartamento com 2 dormitórios no Jardim Embaré próximo a Escola Prof. Nilson Aparecido Gonçalves em São Carlos,975.00,6904.5,90.1,https://www.cardinali.com.br/alugar/Sao-Carlos/Apartamento/Padrao/Jardim-Embare/119962
Apartamento - Apartamento sem condomínio,1.105.63,919.0,12.0,https://www.cardinali.com.br/alugar/Sao-Carlos/Apartamento/Apartamento-sem-condominio/Cidade-Jardim/101212
Casa - Padrão,1.019.00,7645.7,99.7,https://www.cardinali.com.br/alugar/Sao-Carlos/Casa/Padrao/Parque-Novo-Mundo/117703
Apartamento - Kitchnet,1.156.00,919.0,12.0,https://www.cardinali.com.br/alugar/Sao-Carlos/Apartamento/Kitchnet/Cidade-Jardim/132631
Apartamento - Apartamento sem condomínio,1.156.00,919.0,12.0,https://www.cardinali.com.br/alugar/Sao-Carlos/Apartamento/Apartamento-sem-condominio/Cidade-Jardim/159880
Apartamento - Kitchnet com Condomínio,1.197.00,203.9,2.7,https://www.cardinali.com.br/alugar/Sao-Carlos/Apartamento/Kitchnet-com-Condominio/Jardim-Lutfalla/176917
Apartamento - Padrão,1.197.00,203.9,2.7,https://www.cardinali.com.br/alugar/Sao-Carlos/Apartamento/Padrao/Jardim-Lutfalla/200928
Apartamento - Padrão,1.308.84,1547.5,20.2,https://www.cardinali.com.br/alugar/Sao-Carlos/Apartamento/Padrao/Vila-Brasilia/18235
Casa - Padrão,1.023.26,2782.5,36.3,https://www.cardinali.com.br/alugar/Sao-Carlos/Casa/Padrao/Vila-Monteiro-Gleba-I/27352
Casa - Condomínio,1.229.63,4642.8,60.6,https://www.cardinali.com.br/comprar/Sao-Carlos/Casa/Condominio/Jardim-Ipanema/33805
Apartamento - Padrão,1.399.72,2140.3,27.9,https://www.cardinali.com.br/comprar/Sao-Carlos/Apartamento/Padrao/Parque-Arnold-Schimidt/36457
Apartamento com 2 dormitórios no Res. Monsenhor Romeu Tortorelli próximo a Escola Attilia Prado Margarido em São Carlos,1.166.00,3481.6,45.4,https://www.cardinali.com.br/alugar/Sao-Carlos/Apartamento/Padrao/Residencial-Monsenhor-Romeu-Tortorelli/85000
Apartamento - Padrão,1.498.85,2782.5,36.3,https://www.cardinali.com.br/alugar/Sao-Carlos/Apartamento/Padrao/Vila-Monteiro-Gleba-I/103165
Apartamento - Padrão,1.283.00,3181.6,41.5,https://www.cardinali.com.br/alugar/Sao-Carlos/Apartamento/Padrao/Vila-Rancho-Velho/104143
Apartamento - Padrão,1.240.00,1989.7,26.0,https://www.cardinali.com.br/alugar/Sao-Carlos/Apartamento/Padrao/Centro/104822
Casa - Padrão,1.077.46,3080.5,40.2,https://www.cardinali.com.br/alugar/Sao-Carlos/Casa/Padrao/Jardim-Brasil/105449
Apartamento - Padrão,1.655.79,1989.7,26.0,https://www.cardinali.com.br/comprar/Sao-Carlos/Apartamento/Padrao/Centro/106418
Apartamento com 1 dormitório e 1 suíte no Jardim São Carlos próximo ao Poupa Tempo em São Carlos,1.525.00,1830.2,23.9,https://www.cardinali.com.br/alugar/Sao-Carlos/Apartamento/Padrao/Jardim-Sao-Carlos/107138
Apartamento - Padrão,1.209.00,1740.0,22.7,https://www.cardinali.com.br/alugar/Sao-Carlos/Apartamento/Padrao/Jardim-Centenario/109426
imóvel bem localizado.,1.223.76,1989.7,26.0,https://www.cardinali.com.br/alugar/Sao-Carlos/Apartamento/Padrao/Centro/110842
Imóvel bem localizado,1.000.00,1695.5,22.1,https://www.cardinali.com.br/alugar/Sao-Carlos/Apartamento/Padrao/Jardim-Bandeirantes/111255
Apartamento - Padrão,1.279.35,4237.2,55.3,https://www.cardinali.com.br/comprar/Sao-Carlos/Apartamento/Padrao/Jardim-Nova-Sao-Carlos/114543
apartamento Monte Everest com móveis,1.224.00,6091.6,79.5,https://www.cardinali.com.br/comprar/Sao-Carlos/Apartamento/Padrao/Parque-Fehr/117005
casa de um dormitório no Bairro Centenário.,1.025.00,1740.0,22.7,https://www.cardinali.com.br/alugar/Sao-Carlos/Casa/Padrao/Jardim-Centenario/117576
apartamento de dois dormitórios completo de armários.,1.329.35,5225.2,68.2,https://www.cardinali.com.br/alugar/Sao-Carlos/Apartamento/Padrao/Recreio-Sao-Judas-Tadeu/118348
Apartamento - Padrão,1.245.00,2561.1,33.4,https://www.cardinali.com.br/comprar/Sao-Carlos/Apartamento/Padrao/Jardim-Gibertoni/198960
Casa - Sobrado,1.000.00,2798.8,36.5,https://www.cardinali.com.br/alugar/Sao-Carlos/Casa/Sobrado/Parque-Santa-Felicia-Jardim/200710
casa de dois dormitórios,1.500.00,919.0,12.0,https://www.cardinali.com.br/alugar/Sao-Carlos/Casa/Padrao/Cidade-Jardim/201933
Apartamento - Padrão,1.254.00,4846.9,63.2,https://www.cardinali.com.br/comprar/Sao-Carlos/Apartamento/Padrao/Vila-Boa-Vista-1/202076
apartamento de dois dormitórios.,1.343.14,3358.3,43.8,https://www.cardinali.com.br/alugar/Sao-Carlos/Apartamento/Padrao/Residencial-Parati/204881
apartamento de dois dormitórios,1.245.00,5225.2,68.2,https://www.cardinali.com.br/comprar/Sao-Carlos/Apartamento/Padrao/Recreio-Sao-Judas-Tadeu/206191
apartamento de dois dormitórios.,1.235.00,6091.6,79.5,https://www.cardinali.com.br/alugar/Sao-Carlos/Apartamento/Padrao/Parque-Fehr/206354
Apartamento - Padrão,1.270.00,4846.9,63.2,https://www.cardinali.com.br/alugar/Sao-Carlos/Apartamento/Padrao/Vila-Boa-Vista-1/206831
Sala para os fins da Saúde próximo a Santa Casa,1.500.00,1282.5,16.7,https://www.cardinali.com.br/alugar/Sao-Carlos/Comercial/Sala/Jardim-Bethania/207183
Sala para os fins da Saúde próximo a Santa Casa,1.500.00,1282.5,16.7,https://www.cardinali.com.br/alugar/Sao-Carlos/Comercial/Sala/Jardim-Bethania/207185
Apartamento bem localizado,1.406.00,1351.8,17.6,https://www.cardinali.com.br/alugar/Sao-Carlos/Apartamento/Padrao/Jardim-Paulistano/207497
Casa - Padrão,1.027.00,7645.7,99.7,https://www.cardinali.com.br/alugar/Sao-Carlos/Casa/Padrao/Parque-Novo-Mundo/207636
Apartamento - Padrão,1.359.00,4123.4,53.8,https://www.cardinali.com.br/alugar/Sao-Carlos/Apartamento/Padrao/Parque-Sabara/207745
Casa - Padrão,1.040.00,4846.9,63.2,https://www.cardinali.com.br/alugar/Sao-Carlos/Casa/Padrao/Vila-Boa-Vista/207845
Apartamento - Padrão,1.280.00,919.0,12.0,https://www.cardinali.com.br/alugar/Sao-Carlos/Apartamento/Padrao/Cidade-Jardim/119680
Apartamento - Padrão,1.356.00,1528.5,19.9,https://www.cardinali.com.br/comprar/Sao-Carlos/Apartamento/Padrao/Jardim-Alvorada/23992
Apartamento com 2 dormitórios no Res. Monsenhor Romeu Tortorelli próximo a Escola Attilia Prado Margarido em São Carlos,1.255.00,3481.6,45.4,https://www.cardinali.com.br/comprar/Sao-Carlos/Apartamento/Padrao/Residencial-Monsenhor-Romeu-Tortorelli/86233
Apartamento - Padrão,1.073.00,2798.8,36.5,https://www.cardinali.com.br/alugar/Sao-Carlos/Apartamento/Padrao/Parque-Santa-Felicia-Jardim/198659
Apartamento - Padrão,1.256.00,6904.5,90.1,https://www.cardinali.com.br/alugar/Sao-Carlos/Apartamento/Padrao/Jardim-Embare/197998
Apartamento - Padrão,1.196.00,4330.9,56.5,https://www.cardinali.com.br/comprar/Sao-Carlos/Apartamento/Padrao/Jardim-das-Torres/202461
Monte Everest.,1.056.00,6091.6,79.5,https://www.cardinali.com.br/alugar/Sao-Carlos/Apartamento/Padrao/Parque-Fehr/205950
Apartamento - Padrão,1.226.00,919.0,12.0,https://www.cardinali.com.br/alugar/Sao-Carlos/Apartamento/Padrao/Cidade-Jardim/116150
Apartamento - Padrão,1.226.00,919.0,12.0,https://www.cardinali.com.br/alugar/Sao-Carlos/Apartamento/Padrao/Cidade-Jardim/116151
Apartamento - Padrão,1.226.00,919.0,12.0,https://www.cardinali.com.br/alugar/Sao-Carlos/Apartamento/Padrao/Cidade-Jardim/116153
Bem localizado,1.226.00,919.0,12.0,https://www.cardinali.com.br/alugar/Sao-Carlos/Apartamento/Padrao/Cidade-Jardim/119517
Bem localizado,1.226.00,919.0,12.0,https://www.cardinali.com.br/alugar/Sao-Carlos/Apartamento/Padrao/Cidade-Jardim/119520
Apartamento - Padrão,1.312.45,203.9,2.7,https://www.cardinali.com.br/alugar/Sao-Carlos/Apartamento/Padrao/Jardim-Lutfalla/3508
Apartamento - Padrão,1.312.45,203.9,2.7,https://www.cardinali.com.br/alugar/Sao-Carlos/Apartamento/Padrao/Jardim-Lutfalla/113171
Casa - Padrão,1.102.45,5084.6,66.3,https://www.cardinali.com.br/alugar/Sao-Carlos/Casa/Padrao/Residencial-Astolpho-Luiz-do-Prado/107342
Apartamento - Padrão,1.639.39,1989.7,26.0,https://www.cardinali.com.br/alugar/Sao-Carlos/Apartamento/Padrao/Centro/107428
Apartamento - Padrão,1.413.22,1989.7,26.0,https://www.cardinali.com.br/alugar/Sao-Carlos/Apartamento/Padrao/Centro/1195
Casa - Padrão,1.100.00,1830.2,23.9,https://www.cardinali.com.br/alugar/Sao-Carlos/Casa/Padrao/Jardim-Sao-Carlos/58123
Apartamento - Padrão,1.354.63,1015.4,13.2,https://www.cardinali.com.br/alugar/Sao-Carlos/Apartamento/Padrao/Jardim-Paraiso/63697
Imóvel bem localizado.,1.100.00,6091.6,79.5,https://www.cardinali.com.br/alugar/Sao-Carlos/Apartamento/Padrao/Parque-Fehr/75925
Apartamento - Padrão,1.493.00,2140.3,27.9,https://www.cardinali.com.br/comprar/Sao-Carlos/Apartamento/Padrao/Parque-Arnold-Schimidt/110104
Apartamento de dois dormitórios,1.528.00,2782.5,36.3,https://www.cardinali.com.br/alugar/Sao-Carlos/Apartamento/Padrao/Vila-Monteiro/114420
Apartamento Parque Fehr.,1.100.00,6091.6,79.5,https://www.cardinali.com.br/alugar/Sao-Carlos/Apartamento/Apartamento-sem-condominio/Parque-Fehr/203053
Apartamento - Padrão,1.351.40,919.0,12.0,https://www.cardinali.com.br/alugar/Sao-Carlos/Apartamento/Padrao/Cidade-Jardim/3037
Apartamento com 1 dormitório no Jardim Centenário próximo a USP em São Carlos,1.319.00,1740.0,22.7,https://www.cardinali.com.br/alugar/Sao-Carlos/Apartamento/Padrao/Jardim-Centenario/11128
Apartamento - Padrão,1.258.00,1695.5,22.1,https://www.cardinali.com.br/alugar/Sao-Carlos/Apartamento/Padrao/Jardim-Bandeirantes/31519
Apartamento com 1 dormitório e 1 suíte no Parque Santa Mônica próximo ao Shopping Iguatemi em São Carlos,1.398.00,1207.8,15.8,https://www.cardinali.com.br/alugar/Sao-Carlos/Apartamento/Padrao/Parque-Santa-Monica/32746
Apartamento - Padrão,1.458.24,1015.4,13.2,https://www.cardinali.com.br/alugar/Sao-Carlos/Apartamento/Padrao/Jardim-Paraiso/37672
Apartamento - Padrão,1.446.00,1231.0,16.1,https://www.cardinali.com.br/alugar/Sao-Carlos/Apartamento/Padrao/Jardim-Santa-Paula/52504
Apartamento em ótima localização,1.412.00,1535.2,20.0,https://www.cardinali.com.br/alugar/Sao-Carlos/Apartamento/Padrao/Vila-Celina/52513
Casa - Padrão,1.157.06,3080.5,40.2,https://www.cardinali.com.br/alugar/Sao-Carlos/Casa/Padrao/Jardim-Brasil/59608
Apartamento - Padrão,1.112.00,6091.6,79.5,https://www.cardinali.com.br/comprar/Sao-Carlos/Apartamento/Padrao/Parque-Fehr/61774
Ponta do Mel.,1.577.00,1231.0,16.1,https://www.cardinali.com.br/alugar/Sao-Carlos/Apartamento/Padrao/Jardim-Santa-Paula/73777
"oportunidade de morar na excelente localização, Santa Felicia",1.362.00,3358.3,43.8,https://www.cardinali.com.br/comprar/Sao-Carlos/Apartamento/Padrao/Residencial-Parati/77800
Apartamento - Padrão,1.602.00,2782.5,36.3,https://www.cardinali.com.br/alugar/Sao-Carlos/Apartamento/Padrao/Vila-Monteiro-Gleba-I/80479
Apartamento com 2 dormitórios na Vila Irene próximo ao Norden Hospital em São Carlos,1.112.00,3531.1,46.1,https://www.cardinali.com.br/comprar/Sao-Carlos/Apartamento/Padrao/Vila-Irene/82525
Mariberto Petrilli.,1.236.56,1989.7,26.0,https://www.cardinali.com.br/alugar/Sao-Carlos/Apartamento/Padrao/Centro/84043
Casa - Padrão,1.112.00,4792.0,62.5,https://www.cardinali.com.br/alugar/Sao-Carlos/Casa/Padrao/Jardim-Tangara/104617
Apartamento com 2 dormitórios na Vila Marcelino próximo ao Anglo em São Carlos,1.484.76,3476.4,45.3,https://www.cardinali.com.br/alugar/Sao-Carlos/Apartamento/Padrao/Vila-Marcelino/104894
Apartamento - Padrão,1.354.47,5225.2,68.2,https://www.cardinali.com.br/alugar/Sao-Carlos/Apartamento/Padrao/Recreio-Sao-Judas-Tadeu/104984
Apartamento - Padrão,1.401.55,1231.0,16.1,https://www.cardinali.com.br/alugar/Sao-Carlos/Apartamento/Padrao/Jardim-Santa-Paula/106779
Apartamento de três dormitórios sendo um suíte.,1.562.39,2782.5,36.3,https://www.cardinali.com.br/alugar/Sao-Carlos/Apartamento/Padrao/Vila-Monteiro/106987
Apartamento - Padrão,1.312.00,3481.6,45.4,https://www.cardinali.com.br/comprar/Sao-Carlos/Apartamento/Padrao/Residencial-Monsenhor-Romeu-Tortorelli/107469
Apartamento - Padrão,1.313.82,4237.2,55.3,https://www.cardinali.com.br/comprar/Sao-Carlos/Apartamento/Padrao/Jardim-Nova-Sao-Carlos/109040
Apartamento - Padrão,1.319.00,1740.0,22.7,https://www.cardinali.com.br/alugar/Sao-Carlos/Apartamento/Padrao/Jardim-Centenario/109424
Apartamento - Padrão,1.412.00,1528.5,19.9,https://www.cardinali.com.br/alugar/Sao-Carlos/Apartamento/Padrao/Jardim-Alvorada/110245
Apartamento próximo a USP.,1.310.52,1015.4,13.2,https://www.cardinali.com.br/alugar/Sao-Carlos/Apartamento/Padrao/Jardim-Paraiso/110260
Villagio Di Capri.,1.292.00,1015.4,13.2,https://www.cardinali.com.br/alugar/Sao-Carlos/Apartamento/Padrao/Jardim-Paraiso/112689
Apartamento - Padrão,1.369.00,5225.2,68.2,https://www.cardinali.com.br/comprar/Sao-Carlos/Apartamento/Padrao/Recreio-Sao-Judas-Tadeu/112913
Apartamento - Padrão,1.540.40,2140.3,27.9,https://www.cardinali.com.br/alugar/Sao-Carlos/Apartamento/Padrao/Parque-Arnold-Schimidt/114979
Recreio São Judas Tadeu,1.369.33,5225.2,68.2,https://www.cardinali.com.br/comprar/Sao-Carlos/Apartamento/Padrao/Recreio-Sao-Judas-Tadeu/115126
Apartamento - Padrão,1.467.87,919.0,12.0,https://www.cardinali.com.br/alugar/Sao-Carlos/Apartamento/Padrao/Cidade-Jardim/115256
2 kit de um dormitório,1.172.00,2798.8,36.5,https://www.cardinali.com.br/comprar/Sao-Carlos/Casa/Padrao/Parque-Santa-Felicia-Jardim/115797
Imóvel bem localizado,1.112.00,4792.0,62.5,https://www.cardinali.com.br/alugar/Sao-Carlos/Casa/Condominio/Jardim-Tangara/117789
Apartamento com 2 dormitórios no Jardim Nova São Carlos próximo ao Sesi em São Carlos,1.375.50,4237.2,55.3,https://www.cardinali.com.br/comprar/Sao-Carlos/Apartamento/Padrao/Jardim-Nova-Sao-Carlos/118190
Apartamento de três dormitórios sendo um suíte com localização privilegiada.,1.702.00,1989.7,26.0,https://www.cardinali.com.br/alugar/Sao-Carlos/Apartamento/Padrao/Centro/118585
Juca Mendes.,1.216.73,203.9,2.7,https://www.cardinali.com.br/alugar/Sao-Carlos/Apartamento/Padrao/Jardim-Lutfalla/197883
Apartamento - Padrão,1.453.00,5225.2,68.2,https://www.cardinali.com.br/comprar/Sao-Carlos/Apartamento/Padrao/Recreio-Sao-Judas-Tadeu/200264
casa de dois dormitórios.,1.112.00,3080.5,40.2,https://www.cardinali.com.br/alugar/Sao-Carlos/Casa/Padrao/Jardim-Brasil/201901
casa no centro de São Carlos.,1.162.00,1989.7,26.0,https://www.cardinali.com.br/alugar/Sao-Carlos/Casa/Padrao/Centro/202945
Apartamento - Padrão,1.319.00,1740.0,22.7,https://www.cardinali.com.br/alugar/Sao-Carlos/Apartamento/Padrao/Jardim-Centenario/203780
Apartamento - Apartamento sem condomínio,1.112.00,4814.6,62.8,https://www.cardinali.com.br/alugar/Sao-Carlos/Apartamento/Apartamento-sem-condominio/Parque-Belvedere/204193
Casa Térrea.,1.139.46,4792.0,62.5,https://www.cardinali.com.br/comprar/Sao-Carlos/Casa/Padrao/Jardim-Tangara/205217
Primavera V.,1.237.00,203.9,2.7,https://www.cardinali.com.br/alugar/Sao-Carlos/Apartamento/Padrao/Jardim-Lutfalla/205613
apartamento de dois dormitórios.,1.488.00,5225.2,68.2,https://www.cardinali.com.br/alugar/Sao-Carlos/Apartamento/Padrao/Recreio-Sao-Judas-Tadeu/205736
Apartamento - Padrão,1.352.00,1231.0,16.1,https://www.cardinali.com.br/comprar/Sao-Carlos/Apartamento/Padrao/Jardim-Santa-Paula/205779
apartamento de dois dormitórios.,1.487.54,5225.2,68.2,https://www.cardinali.com.br/alugar/Sao-Carlos/Apartamento/Padrao/Recreio-Sao-Judas-Tadeu/205790
Venda de Apartamento no bairro Recreio São Judas Tadeu em São Carlos/SP,1.487.00,5225.2,68.2,https://www.cardinali.com.br/comprar/Sao-Carlos/Apartamento/Padrao/Recreio-Sao-Judas-Tadeu/205906
apartamento de dois dormitórios.,1.423.00,5225.2,68.2,https://www.cardinali.com.br/alugar/Sao-Carlos/Apartamento/Padrao/Recreio-Sao-Judas-Tadeu/205946
Parque das Oliveiras.,1.432.00,5225.2,68.2,https://www.cardinali.com.br/alugar/Sao-Carlos/Apartamento/Padrao/Recreio-Sao-Judas-Tadeu/206284
apartamento de dois dormitórios,1.452.00,3080.5,40.2,https://www.cardinali.com.br/alugar/Sao-Carlos/Apartamento/Padrao/Jardim-Brasil/206664
apartamento de dois dormitórios,1.487.56,5225.2,68.2,https://www.cardinali.com.br/alugar/Sao-Carlos/Apartamento/Padrao/Recreio-Sao-Judas-Tadeu/207263
Casa - Padrão,1.150.00,4997.5,65.2,https://www.cardinali.com.br/alugar/Sao-Carlos/Casa/Padrao/Jardim-Munique/207345
Apartamento bem localizado próximo Unicep.,1.521.91,4642.8,60.6,https://www.cardinali.com.br/alugar/Sao-Carlos/Apartamento/Padrao/Jardim-Ipanema/207449
apartamento de um dormitório no bairro Jardim Centenario.,1.321.00,1740.0,22.7,https://www.cardinali.com.br/alugar/Sao-Carlos/Apartamento/Kitchnet-com-Condominio/Jardim-Centenario/207544
"Se você está em busca de espaço e uma localização privilegiada, essa é a oportunidade perfeita!",1.163.00,3080.5,40.2,https://www.cardinali.com.br/alugar/Sao-Carlos/Casa/Padrao/Jardim-Brasil/207605
Apartamento com 44m² no Monte Azul,1.376.92,4237.2,55.3,https://www.cardinali.com.br/comprar/Sao-Carlos/Apartamento/Padrao/Jardim-Nova-Sao-Carlos/207648
Imóvel no Jardim São Carlos,1.166.54,1830.2,23.9,https://www.cardinali.com.br/comprar/Sao-Carlos/Casa/Padrao/Jardim-Sao-Carlos/207685
Apartamento com mobilia próximo a USP,1.407.00,203.9,2.7,https://www.cardinali.com.br/alugar/Sao-Carlos/Apartamento/Padrao/Jardim-Lutfalla/207706
Casa de Fundo perto da USP e aconchegante,1.112.00,1695.5,22.1,https://www.cardinali.com.br/alugar/Sao-Carlos/Casa/Padrao/Jardim-Bandeirantes/207781
Casa de dois dormitórios sem garagem do Bairro Delta,1.112.00,1957.5,25.5,https://www.cardinali.com.br/alugar/Sao-Carlos/Casa/Padrao/Parque-Delta/207838
Casa - Padrão,1.115.00,2798.8,36.5,https://www.cardinali.com.br/alugar/Sao-Carlos/Casa/Padrao/Parque-Santa-Felicia-Jardim/49405
"casa padrão perto da pista, próxima a Getúlio Vargas",1.160.00,5745.8,74.9,https://www.cardinali.com.br/alugar/Sao-Carlos/Casa/Padrao/Jardim-Maracana/207759
casa de dois dormitórios no em São Carlos.,1.158.40,1389.5,18.1,https://www.cardinali.com.br/alugar/Sao-Carlos/Casa/Padrao/Vila-Marina/199972
apartamento studio de um dormitório,1.547.00,2561.1,33.4,https://www.cardinali.com.br/comprar/Sao-Carlos/Apartamento/Padrao/Jardim-Gibertoni/17806
Apartamento com 1 dormitório no Jardim Paraíso próximo ao Hospital São Francisco em São Carlos,1.446.42,1015.4,13.2,https://www.cardinali.com.br/alugar/Sao-Carlos/Apartamento/Padrao/Jardim-Paraiso/117357
Excelente apartamento mobiliado próximo a rodoviária,1.404.24,1600.7,20.9,https://www.cardinali.com.br/alugar/Sao-Carlos/Apartamento/Padrao/Vila-Costa-do-Sol/117550
Casa - Padrão,1.223.00,1231.0,16.1,https://www.cardinali.com.br/alugar/Sao-Carlos/Casa/Padrao/Jardim-Santa-Paula/99997
Apartamento - Padrão,1.542.90,1207.8,15.8,https://www.cardinali.com.br/comprar/Sao-Carlos/Apartamento/Padrao/Parque-Santa-Monica/107741
Apartamento de 3 dormitórios.,1.740.00,1989.7,26.0,https://www.cardinali.com.br/alugar/Sao-Carlos/Apartamento/Padrao/Centro/83359
apartamento de um dormitório,1.518.90,1015.4,13.2,https://www.cardinali.com.br/alugar/Sao-Carlos/Apartamento/Padrao/Jardim-Paraiso/205958
Apartamento - Padrão,1.489.00,2140.3,27.9,https://www.cardinali.com.br/alugar/Sao-Carlos/Apartamento/Padrao/Parque-Arnold-Schimidt/116096
Apartamento - Padrão,1.512.00,2140.3,27.9,https://www.cardinali.com.br/comprar/Sao-Carlos/Apartamento/Padrao/Parque-Arnold-Schimidt/120364
Apartamento - Padrão,1.481.80,1231.0,16.1,https://www.cardinali.com.br/alugar/Sao-Carlos/Apartamento/Padrao/Jardim-Santa-Paula/20743
Apartamento - Padrão,1.903.98,1231.0,16.1,https://www.cardinali.com.br/alugar/Sao-Carlos/Apartamento/Padrao/Jardim-Santa-Paula/36757
Apartamento - Padrão,2.380.00,1989.7,26.0,https://www.cardinali.com.br/comprar/Sao-Carlos/Apartamento/Padrao/Centro/37513
Apartamento - Padrão,1.200.00,2992.4,39.0,https://www.cardinali.com.br/alugar/Sao-Carlos/Apartamento/Padrao/Centreville/50140
Casa - Condomínio,1.435.00,4642.8,60.6,https://www.cardinali.com.br/comprar/Sao-Carlos/Casa/Condominio/Jardim-Ipanema/61309
Apartamento - Padrão,1.838.04,1231.0,16.1,https://www.cardinali.com.br/alugar/Sao-Carlos/Apartamento/Padrao/Jardim-Santa-Paula/79945
Apartamento - Padrão,1.550.00,1528.5,19.9,https://www.cardinali.com.br/comprar/Sao-Carlos/Apartamento/Padrao/Jardim-Alvorada/80650
Apartamento - Padrão,2.392.76,1989.7,26.0,https://www.cardinali.com.br/alugar/Sao-Carlos/Apartamento/Padrao/Centro/99757
Excelente localização.,3.903.68,1282.5,16.7,https://www.cardinali.com.br/comprar/Sao-Carlos/Apartamento/Padrao/Jardim-Bethania/105173
Apartamento - Kitchnet,1.300.00,2140.3,27.9,https://www.cardinali.com.br/alugar/Sao-Carlos/Apartamento/Kitchnet/Parque-Arnold-Schimidt/106149
Apartamento - Kitchnet,1.300.00,2140.3,27.9,https://www.cardinali.com.br/alugar/Sao-Carlos/Apartamento/Kitchnet/Parque-Arnold-Schimidt/106150
Apartamento - Kitchnet,1.300.00,2140.3,27.9,https://www.cardinali.com.br/alugar/Sao-Carlos/Apartamento/Kitchnet/Parque-Arnold-Schimidt/106151
Apartamento - Padrão,1.200.00,5225.2,68.2,https://www.cardinali.com.br/comprar/Sao-Carlos/Apartamento/Padrao/Recreio-Sao-Judas-Tadeu/108473
Apartamento com 2 dormitórios no Recreio São Judas Tadeu próximo a Escola Prof. João Jorge Marmorato em São Carlos,1.522.00,5225.2,68.2,https://www.cardinali.com.br/comprar/Sao-Carlos/Apartamento/Padrao/Recreio-Sao-Judas-Tadeu/112121
Casa - Padrão,1.200.00,2782.5,36.3,https://www.cardinali.com.br/alugar/Sao-Carlos/Casa/Padrao/Vila-Monteiro-Gleba-I/117713
apartamento de 1 dormitório,1.471.87,1989.7,26.0,https://www.cardinali.com.br/alugar/Sao-Carlos/Apartamento/Padrao/Centro/117724
Apartamento - Kitchnet,1.200.00,1535.2,20.0,https://www.cardinali.com.br/alugar/Sao-Carlos/Apartamento/Kitchnet/Vila-Celina/120535
Apartamento - Padrão,1.200.00,3481.6,45.4,https://www.cardinali.com.br/alugar/Sao-Carlos/Apartamento/Padrao/Romeu-Tortorelli/205580
Apartamento - Padrão,1.475.00,1366.0,17.8,https://www.cardinali.com.br/alugar/Sao-Carlos/Apartamento/Padrao/Jardim-Nova-Santa-Paula/81286
Apartamento com 2 dormitórios no Recreio São Judas Tadeu próximo a Escola Prof. João Jorge Marmorato em São Carlos - SP,1.486.00,5225.2,68.2,https://www.cardinali.com.br/alugar/Sao-Carlos/Apartamento/Padrao/Recreio-Sao-Judas-Tadeu/86989
Apartamento - Padrão,1.533.72,1015.4,13.2,https://www.cardinali.com.br/alugar/Sao-Carlos/Apartamento/Padrao/Jardim-Paraiso/22114
Jardim de Sevilha.,1.723.00,1231.0,16.1,https://www.cardinali.com.br/alugar/Sao-Carlos/Apartamento/Padrao/Jardim-Santa-Paula/34684
Apartamento - Padrão,1.779.08,2140.3,27.9,https://www.cardinali.com.br/alugar/Sao-Carlos/Apartamento/Padrao/Parque-Arnold-Schimidt/54613
Apartamento - Padrão,2.173.00,1830.2,23.9,https://www.cardinali.com.br/alugar/Sao-Carlos/Apartamento/Padrao/Jardim-Sao-Carlos/62029
Casa com 1 dormitório no Parque Arnold Schimidt próxima a USP em São Carlos,1.223.00,2140.3,27.9,https://www.cardinali.com.br/alugar/Sao-Carlos/Casa/Padrao/Parque-Arnold-Schimidt/78592
Apartamento - Padrão,1.513.95,919.0,12.0,https://www.cardinali.com.br/alugar/Sao-Carlos/Apartamento/Padrao/Cidade-Jardim/82309
Apartamento - Padrão,1.393.96,203.9,2.7,https://www.cardinali.com.br/alugar/Sao-Carlos/Apartamento/Padrao/Jardim-Lutfalla/100825
Apartamento - Padrão,1.448.24,1231.0,16.1,https://www.cardinali.com.br/alugar/Sao-Carlos/Apartamento/Padrao/Jardim-Santa-Paula/105558
apartamento com um dormitório.,1.395.47,1015.4,13.2,https://www.cardinali.com.br/alugar/Sao-Carlos/Apartamento/Padrao/Jardim-Paraiso/109018
Imóvel bem localizado,1.223.00,2782.5,36.3,https://www.cardinali.com.br/alugar/Sao-Carlos/Casa/Padrao/Vila-Monteiro-Gleba-I/112658
Monte Athos.,1.223.00,6904.5,90.1,https://www.cardinali.com.br/alugar/Sao-Carlos/Apartamento/Padrao/Jardim-Embare/114233
Apartamento com 1 dormitório no Jardim Paraíso próximo ao Hospital Santa Casa em São Carlos,1.523.25,1015.4,13.2,https://www.cardinali.com.br/comprar/Sao-Carlos/Apartamento/Padrao/Jardim-Paraiso/114332
Apartamento - Padrão,1.433.75,1695.5,22.1,https://www.cardinali.com.br/comprar/Sao-Carlos/Apartamento/Padrao/Jardim-Bandeirantes/115934
Apartamento com 1 dormitório no Parque Arnold Schimidt próximo a USP em São Carlos,1.643.00,2140.3,27.9,https://www.cardinali.com.br/alugar/Sao-Carlos/Apartamento/Padrao/Parque-Arnold-Schimidt/116751
Apartamento - Padrão,1.472.98,1830.2,23.9,https://www.cardinali.com.br/alugar/Sao-Carlos/Apartamento/Padrao/Jardim-Sao-Carlos/117473
Casa - Padrão,1.262.40,2992.4,39.0,https://www.cardinali.com.br/alugar/Sao-Carlos/Casa/Padrao/Centreville/152848
Apartamento - Padrão,1.643.00,2140.3,27.9,https://www.cardinali.com.br/comprar/Sao-Carlos/Apartamento/Padrao/Parque-Arnold-Schimidt/197662
Apartamento - Padrão,1.643.00,2140.3,27.9,https://www.cardinali.com.br/comprar/Sao-Carlos/Apartamento/Padrao/Parque-Arnold-Schimidt/197665
Apartamento - Padrão,1.500.55,4123.4,53.8,https://www.cardinali.com.br/alugar/Sao-Carlos/Apartamento/Padrao/Parque-Sabara/200647
Casa - Sobrado,1.223.00,2224.1,29.0,https://www.cardinali.com.br/alugar/Sao-Carlos/Casa/Sobrado/Jardim-Sao-Joao-Batista/201188
Apartamento Parque Fehr.,1.223.00,6091.6,79.5,https://www.cardinali.com.br/alugar/Sao-Carlos/Apartamento/Apartamento-sem-condominio/Parque-Fehr/203054
Apartamento Parque Fehr.,1.223.00,6091.6,79.5,https://www.cardinali.com.br/alugar/Sao-Carlos/Apartamento/Apartamento-sem-condominio/Parque-Fehr/203055
Apartamento Parque Fehr.,1.223.00,6091.6,79.5,https://www.cardinali.com.br/alugar/Sao-Carlos/Apartamento/Apartamento-sem-condominio/Parque-Fehr/203056
apartamento de dois dormitórios.,1.223.00,6091.6,79.5,https://www.cardinali.com.br/alugar/Sao-Carlos/Apartamento/Padrao/Parque-Fehr/204123
Apartamento - Padrão,1.468.00,5225.2,68.2,https://www.cardinali.com.br/alugar/Sao-Carlos/Apartamento/Padrao/Recreio-Sao-Judas-Tadeu/206422
Apartamento de dois dormitórios com ótima área de lazer,1.463.00,5225.2,68.2,https://www.cardinali.com.br/alugar/Sao-Carlos/Apartamento/Padrao/Recreio-Sao-Judas-Tadeu/207010
apartamento térreo de dois dormitórios,1.619.84,5225.2,68.2,https://www.cardinali.com.br/alugar/Sao-Carlos/Apartamento/Padrao/Recreio-Sao-Judas-Tadeu/207262
Apartamento mobiliado com excelente localização,1.525.13,1535.2,20.0,https://www.cardinali.com.br/alugar/Sao-Carlos/Apartamento/Padrao/Vila-Celina/207633
Apartamento - Padrão,1.223.00,6904.5,90.1,https://www.cardinali.com.br/alugar/Sao-Carlos/Apartamento/Padrao/Jardim-Embare/207713
apartamento de dois dormitórios sendo um suíte com uma vaga de garagem.,1.604.00,2792.6,36.4,https://www.cardinali.com.br/alugar/Sao-Carlos/Apartamento/Padrao/Vila-Jacobucci/207672
Apartamento de dois dormitórios mobiliado ao lado da USP.,1.666.00,919.0,12.0,https://www.cardinali.com.br/alugar/Sao-Carlos/Apartamento/Padrao/Cidade-Jardim/207817
Apartamento - Padrão,2.178.00,1830.2,23.9,https://www.cardinali.com.br/comprar/Sao-Carlos/Apartamento/Padrao/Jardim-Sao-Carlos/60733
Casa - Sobrado,1.353.00,4285.8,55.9,https://www.cardinali.com.br/alugar/Sao-Carlos/Casa/Sobrado/Jardim-Cruzeiro-do-Sul/106906
Jardim das Torres,1.250.00,4330.9,56.5,https://www.cardinali.com.br/alugar/Sao-Carlos/Apartamento/Padrao/Jardim-das-Torres/110999
tulo anúncio site Apartamento com 2 dormitórios no Jardim Nova São Carlos próximo ao Serasa em São Carlos,1.565.65,4237.2,55.3,https://www.cardinali.com.br/alugar/Sao-Carlos/Apartamento/Padrao/Jardim-Nova-Sao-Carlos/111485
Apartamento - Padrão,1.528.00,919.0,12.0,https://www.cardinali.com.br/alugar/Sao-Carlos/Apartamento/Padrao/Cidade-Jardim/119692
Apartamento - Padrão,1.528.00,919.0,12.0,https://www.cardinali.com.br/alugar/Sao-Carlos/Apartamento/Padrao/Cidade-Jardim/119703
Localizado em vizinhança super tranquila e muito próxima da USP (10 minutos a pé) e UFSCAR (5 minutos de carro).,1.528.00,919.0,12.0,https://www.cardinali.com.br/alugar/Sao-Carlos/Apartamento/Padrao/Cidade-Jardim/119906
Apartamento - Padrão,1.528.00,919.0,12.0,https://www.cardinali.com.br/alugar/Sao-Carlos/Apartamento/Padrao/Cidade-Jardim/120049
Apartamento - Padrão,1.528.00,919.0,12.0,https://www.cardinali.com.br/alugar/Sao-Carlos/Apartamento/Padrao/Cidade-Jardim/120162
Apartamento - Padrão,1.528.00,919.0,12.0,https://www.cardinali.com.br/alugar/Sao-Carlos/Apartamento/Padrao/Cidade-Jardim/120314
Apartamento - Padrão,1.528.00,919.0,12.0,https://www.cardinali.com.br/alugar/Sao-Carlos/Apartamento/Padrao/Cidade-Jardim/120532
Apartamento - Padrão,1.528.00,919.0,12.0,https://www.cardinali.com.br/alugar/Sao-Carlos/Apartamento/Padrao/Cidade-Jardim/127186
Casa - Padrão,1.321.50,4237.2,55.3,https://www.cardinali.com.br/alugar/Sao-Carlos/Casa/Padrao/Jardim-Nova-Sao-Carlos/107536
Apartamento na Vila Prado do Edificio Villa Plenna,1.584.78,3000.1,39.1,https://www.cardinali.com.br/comprar/Sao-Carlos/Apartamento/Padrao/Vila-Prado/198701
Apartamento - Padrão,1.575.00,3000.1,39.1,https://www.cardinali.com.br/alugar/Sao-Carlos/Apartamento/Padrao/Vila-Prado/198705
Apartamento - Padrão,1.559.00,4846.9,63.2,https://www.cardinali.com.br/alugar/Sao-Carlos/Apartamento/Padrao/Vila-Boa-Vista-1/203354
Casa padrão próxima ao hospital escola e UFSCAR,1.267.00,1389.5,18.1,https://www.cardinali.com.br/alugar/Sao-Carlos/Casa/Padrao/Vila-Marina/207435
Imóvel bem localizado,1.614.00,2140.3,27.9,https://www.cardinali.com.br/alugar/Sao-Carlos/Apartamento/Padrao/Parque-Arnold-Schimidt/115821
Apartamento - Padrão,1.614.00,2140.3,27.9,https://www.cardinali.com.br/alugar/Sao-Carlos/Apartamento/Padrao/Parque-Arnold-Schimidt/115839
Apartamento de dois dormitórios no Recreio São Judas Tadeu.,1.278.00,5225.2,68.2,https://www.cardinali.com.br/alugar/Sao-Carlos/Apartamento/Padrao/Recreio-Sao-Judas-Tadeu/207323
apartamento de dois dormitórios no Bairro Recreio São Judas Tadeu,1.548.00,5225.2,68.2,https://www.cardinali.com.br/alugar/Sao-Carlos/Apartamento/Padrao/Recreio-Sao-Judas-Tadeu/207571
Pequena casa aconchegante no Centro com jardim frontal,1.278.00,2782.5,36.3,https://www.cardinali.com.br/alugar/Sao-Carlos/Casa/Padrao/Vila-Monteiro-Gleba-I/207691
casa de dois dormitórios próximo ao Carrefour da Santa Felicia.,1.353.00,20204.9,263.5,https://www.cardinali.com.br/alugar/Sao-Carlos/Casa/Padrao/Loteamento-Habitacional-Sao-Carlos-1/207771
Apartamento - Padrão,1.545.00,1015.4,13.2,https://www.cardinali.com.br/comprar/Sao-Carlos/Apartamento/Padrao/Jardim-Paraiso/33190
Ásia.,1.445.00,1989.7,26.0,https://www.cardinali.com.br/comprar/Sao-Carlos/Apartamento/Padrao/Centro/109631
Apartamento - Padrão,1.576.00,1015.4,13.2,https://www.cardinali.com.br/comprar/Sao-Carlos/Apartamento/Padrao/Jardim-Paraiso/112223
Apartamento - Padrão,1.597.27,2140.3,27.9,https://www.cardinali.com.br/alugar/Sao-Carlos/Apartamento/Padrao/Parque-Arnold-Schimidt/116090
Apartamento - Padrão,1.589.00,2140.3,27.9,https://www.cardinali.com.br/alugar/Sao-Carlos/Apartamento/Padrao/Parque-Arnold-Schimidt/116092
Apartamento - Padrão,1.589.00,2140.3,27.9,https://www.cardinali.com.br/comprar/Sao-Carlos/Apartamento/Padrao/Parque-Arnold-Schimidt/116097
Apartamento - Padrão,1.719.00,1207.8,15.8,https://www.cardinali.com.br/alugar/Sao-Carlos/Apartamento/Padrao/Parque-Santa-Monica/120865
Apartamento - Padrão,1.490.00,7.1,0.1,https://www.cardinali.com.br/comprar/Sao-Carlos/Apartamento/Padrao/Cidade-Universitaria/25558
Apartamento - Padrão,1.773.00,1989.7,26.0,https://www.cardinali.com.br/comprar/Sao-Carlos/Apartamento/Padrao/Centro/35305
Apartamento - Padrão,1.300.00,2992.4,39.0,https://www.cardinali.com.br/alugar/Sao-Carlos/Apartamento/Padrao/Centreville/50137
Apartamento - Padrão,1.514.74,1989.7,26.0,https://www.cardinali.com.br/comprar/Sao-Carlos/Apartamento/Padrao/Centro/76618
Apartamento - Padrão,1.694.46,1015.4,13.2,https://www.cardinali.com.br/comprar/Sao-Carlos/Apartamento/Padrao/Jardim-Paraiso/101095
Apartamento - Padrão,1.693.00,2140.3,27.9,https://www.cardinali.com.br/alugar/Sao-Carlos/Apartamento/Padrao/Parque-Arnold-Schimidt/109930
Apartamento em frente a usp.,1.720.00,2140.3,27.9,https://www.cardinali.com.br/alugar/Sao-Carlos/Apartamento/Padrao/Parque-Arnold-Schimidt/110683
"casa de dois dormitórios, sendo um suíte.",1.300.00,1957.5,25.5,https://www.cardinali.com.br/alugar/Sao-Carlos/Casa/Padrao/Parque-Delta/112506
Imovel ao lado do supermercado Jau Serve,1.350.00,1830.2,23.9,https://www.cardinali.com.br/comprar/Sao-Carlos/Casa/Padrao/Jardim-Sao-Carlos/115688
apartamento de um dormitório,1.609.00,1015.4,13.2,https://www.cardinali.com.br/comprar/Sao-Carlos/Apartamento/Padrao/Jardim-Paraiso/115915
Apartamento - Padrão,1.550.00,5225.2,68.2,https://www.cardinali.com.br/alugar/Sao-Carlos/Apartamento/Padrao/Recreio-Sao-Judas-Tadeu/119153
Apartamento com 1 dormitório no Parque Arnold Schimidt próximo a USP em São Carlos,1.720.00,2140.3,27.9,https://www.cardinali.com.br/alugar/Sao-Carlos/Apartamento/Padrao/Parque-Arnold-Schimidt/119450
Apartamento com 1 dormitório no Parque Arnold Schimidt próximo a USP em São Carlos,1.550.00,2140.3,27.9,https://www.cardinali.com.br/alugar/Sao-Carlos/Apartamento/Padrao/Parque-Arnold-Schimidt/119453
Casa com 2 dormitórios na Vila Monteiro próxima a Catedral em São Carlos,1.312.00,2782.5,36.3,https://www.cardinali.com.br/alugar/Sao-Carlos/Casa/Padrao/Vila-Monteiro-Gleba-I/28627
Apartamento - Padrão,1.600.00,1231.0,16.1,https://www.cardinali.com.br/alugar/Sao-Carlos/Apartamento/Padrao/Jardim-Santa-Paula/76378
Apartamento - Padrão,1.591.11,1989.7,26.0,https://www.cardinali.com.br/alugar/Sao-Carlos/Apartamento/Padrao/Centro/25195
Apartamento - Padrão,1.658.48,1914.6,25.0,https://www.cardinali.com.br/alugar/Sao-Carlos/Apartamento/Padrao/Jardim-Hikare/26644
Casa - Padrão,1.372.32,4642.8,60.6,https://www.cardinali.com.br/alugar/Sao-Carlos/Casa/Padrao/Jardim-Ipanema/30964
Apartamento - Padrão,1.739.53,1015.4,13.2,https://www.cardinali.com.br/alugar/Sao-Carlos/Apartamento/Padrao/Jardim-Paraiso/36340
Apartamento com 2 dormitórios no Recreio São Judas Tadeu próximo a Escola Prof. João Jorge Marmorato em São Carlos,1.412.00,5225.2,68.2,https://www.cardinali.com.br/alugar/Sao-Carlos/Apartamento/Padrao/Recreio-Sao-Judas-Tadeu/36622
Apartamento com 1 dormitório no Jardim São Carlos próximo a Catedral em São Carlos,1.734.00,1830.2,23.9,https://www.cardinali.com.br/alugar/Sao-Carlos/Apartamento/Padrao/Jardim-Sao-Carlos/37243
Apartamento com 1 dormitório no Jardim São Carlos próximo a Catedral em São Carlos,1.734.00,1830.2,23.9,https://www.cardinali.com.br/alugar/Sao-Carlos/Apartamento/Padrao/Jardim-Sao-Carlos/37249
Apartamento com 1 dormitório no Jardim São Carlos próximo a Catedral em São Carlos,1.734.00,1830.2,23.9,https://www.cardinali.com.br/alugar/Sao-Carlos/Apartamento/Padrao/Jardim-Sao-Carlos/37258
Casa - Edícula,1.394.23,4642.8,60.6,https://www.cardinali.com.br/alugar/Sao-Carlos/Casa/Edicula/Jardim-Ipanema/61906
Apartamento - Padrão,1.771.90,2938.4,38.3,https://www.cardinali.com.br/alugar/Sao-Carlos/Apartamento/Padrao/Vila-Faria/78913
casa de três dormitórios sendo 1 suíte no Jardim Ricetti de São Carlos.,1.414.91,3447.9,45.0,https://www.cardinali.com.br/alugar/Sao-Carlos/Casa/Padrao/Jardim-Ricetti/81910
Casa - Padrão,1.334.00,1830.2,23.9,https://www.cardinali.com.br/comprar/Sao-Carlos/Casa/Padrao/Jardim-Sao-Carlos/85660
Apartamento - Padrão,1.658.49,1914.6,25.0,https://www.cardinali.com.br/alugar/Sao-Carlos/Apartamento/Padrao/Jardim-Hikare/113227
Apartamento - Padrão,1.334.00,12026.8,156.9,https://www.cardinali.com.br/alugar/Sao-Carlos/Apartamento/Padrao/Vila-Nery/117196
apartamento de 2 dormitórios,1.724.00,1989.7,26.0,https://www.cardinali.com.br/alugar/Sao-Carlos/Apartamento/Padrao/Centro/119257
Apartamento - Padrão,1.646.89,1528.5,19.9,https://www.cardinali.com.br/alugar/Sao-Carlos/Apartamento/Padrao/Jardim-Alvorada/120036
Apartamento - Padrão,2.052.00,20204.9,263.5,https://www.cardinali.com.br/alugar/Sao-Carlos/Apartamento/Padrao/Loteamento-Habitacional-Sao-Carlos-I/147751
Apartamento de 2 dormitórios no Jardim Ricetti.,1.334.00,3447.9,45.0,https://www.cardinali.com.br/alugar/Sao-Carlos/Apartamento/Padrao/Jardim-Ricetti/198662
Apartamento - Padrão,1.620.00,3080.5,40.2,https://www.cardinali.com.br/comprar/Sao-Carlos/Apartamento/Padrao/Jardim-Brasil/199091
Casa em condomínio com dois dormitórios em Água Vermelha,1.502.47,17162.5,223.9,https://www.cardinali.com.br/alugar/Sao-Carlos/Casa/Condominio/Agua-Vermelha/199223
Próximo a USP São Carlos,1.334.00,2140.3,27.9,https://www.cardinali.com.br/comprar/Sao-Carlos/Apartamento/Padrao/Parque-Arnold-Schimidt/200003
apartamento de dois dormitórios,1.801.89,1989.7,26.0,https://www.cardinali.com.br/alugar/Sao-Carlos/Apartamento/Padrao/Centro/201044
Apartamento - Padrão,1.549.00,1015.4,13.2,https://www.cardinali.com.br/comprar/Sao-Carlos/Apartamento/Padrao/Jardim-Paraiso/201170
apartamento de dois dormitórios.,1.702.70,5225.2,68.2,https://www.cardinali.com.br/alugar/Sao-Carlos/Apartamento/Padrao/Recreio-Sao-Judas-Tadeu/204642
Apartamento - Padrão,1.564.00,5225.2,68.2,https://www.cardinali.com.br/comprar/Sao-Carlos/Apartamento/Padrao/Recreio-Sao-Judas-Tadeu/204873
apartamento de dois dormitórios,1.698.00,5225.2,68.2,https://www.cardinali.com.br/alugar/Sao-Carlos/Apartamento/Padrao/Recreio-Sao-Judas-Tadeu/205254
apartamento de dois dormitórios.,1.645.00,5225.2,68.2,https://www.cardinali.com.br/comprar/Sao-Carlos/Apartamento/Padrao/Recreio-Sao-Judas-Tadeu/205730
apartamento de dois dormitórios.,1.589.00,1830.2,23.9,https://www.cardinali.com.br/alugar/Sao-Carlos/Apartamento/Padrao/Jardim-Sao-Carlos/206699
Apartamento de dois dormitórios sendo um suíte com ótima localização.,1.654.00,3000.1,39.1,https://www.cardinali.com.br/alugar/Sao-Carlos/Apartamento/Padrao/Vila-Prado/206867
Apartamento - Padrão,1.615.00,3181.6,41.5,https://www.cardinali.com.br/alugar/Sao-Carlos/Apartamento/Padrao/Vila-Rancho-Velho/206973
Apartamento de dois dormitórios sendo um suíte com uma vaga coberta,1.966.50,1989.7,26.0,https://www.cardinali.com.br/alugar/Sao-Carlos/Apartamento/Padrao/Centro/207043
casa e um dormitório,1.384.00,2798.8,36.5,https://www.cardinali.com.br/alugar/Sao-Carlos/Casa/Padrao/Parque-Santa-Felicia-Jardim/207322
apartamento de dois dormitórios,1.580.00,5225.2,68.2,https://www.cardinali.com.br/alugar/Sao-Carlos/Apartamento/Padrao/Recreio-Sao-Judas-Tadeu/207426
"Excelente localização, próximo  escola Educativa",1.384.81,4237.2,55.3,https://www.cardinali.com.br/alugar/Sao-Carlos/Casa/Padrao/Jardim-Nova-Sao-Carlos/207714
Casa no Pq. Fehr,1.534.00,6091.6,79.5,https://www.cardinali.com.br/alugar/Sao-Carlos/Casa/Padrao/Parque-Fehr/207837
Casa com 3 dormitórios na Vila Brasília próxima ao Carrefour Bairro em São Carlos,1.345.00,1547.5,20.2,https://www.cardinali.com.br/alugar/Sao-Carlos/Casa/Padrao/Vila-Brasilia/115425
Apartamento - Padrão,1.697.42,3000.1,39.1,https://www.cardinali.com.br/comprar/Sao-Carlos/Apartamento/Padrao/Vila-Prado/198613
Apartamento - Padrão,1.697.42,3000.1,39.1,https://www.cardinali.com.br/comprar/Sao-Carlos/Apartamento/Padrao/Vila-Prado/198614
Apartamento - Padrão,1.700.75,3000.1,39.1,https://www.cardinali.com.br/comprar/Sao-Carlos/Apartamento/Padrao/Vila-Prado/198615
Apartamento - Padrão,1.889.63,1989.7,26.0,https://www.cardinali.com.br/comprar/Sao-Carlos/Apartamento/Padrao/Centro/14431
Apartamento - Padrão,1.865.00,2031.4,26.5,https://www.cardinali.com.br/alugar/Sao-Carlos/Apartamento/Padrao/Parque-Santa-Marta/102997
Casa - Condomínio,1.638.00,4642.8,60.6,https://www.cardinali.com.br/alugar/Sao-Carlos/Casa/Condominio/Jardim-Ipanema/105092
Apartamento no Residencial Parque dos Manacás,1.646.00,5225.2,68.2,https://www.cardinali.com.br/comprar/Sao-Carlos/Apartamento/Padrao/Recreio-Sao-Judas-Tadeu/207144
Imóvel bem localizado,1.748.36,3358.3,43.8,https://www.cardinali.com.br/alugar/Sao-Carlos/Apartamento/Padrao/Residencial-Parati/113301
Apartamento com 1 dormitório no Centro próximo a Catedral em São Carlos,1.990.43,1989.7,26.0,https://www.cardinali.com.br/alugar/Sao-Carlos/Apartamento/Padrao/Centro/113181
Apartamento - Padrão,1.619.00,1600.7,20.9,https://www.cardinali.com.br/alugar/Sao-Carlos/Apartamento/Padrao/Vila-Costa-do-Sol/79816
Apartamento - Padrão,1.424.68,1231.0,16.1,https://www.cardinali.com.br/alugar/Sao-Carlos/Apartamento/Padrao/Jardim-Santa-Paula/104867
imóvel bem localizado,1.451.18,3080.5,40.2,https://www.cardinali.com.br/alugar/Sao-Carlos/Casa/Padrao/Jardim-Brasil/111162
Apartamento - Padrão,1.389.00,4792.0,62.5,https://www.cardinali.com.br/alugar/Sao-Carlos/Apartamento/Padrao/Jardim-Tangara/119164
apartamento de 1 dormitório,1.424.68,1231.0,16.1,https://www.cardinali.com.br/alugar/Sao-Carlos/Apartamento/Padrao/Jardim-Santa-Paula/200634
apartamento de um dormitório,1.419.04,1231.0,16.1,https://www.cardinali.com.br/alugar/Sao-Carlos/Apartamento/Padrao/Jardim-Santa-Paula/205731
apartamento de dois dormitórios,1.759.00,5225.2,68.2,https://www.cardinali.com.br/alugar/Sao-Carlos/Apartamento/Padrao/Recreio-Sao-Judas-Tadeu/206144
Casa de 3 dormitórios sendo um suite no Prolongamento do Medeiros.,1.424.00,4773.5,62.3,https://www.cardinali.com.br/alugar/Sao-Carlos/Casa/Padrao/Jardim-das-Torres-Prolongamento/207088
Apartamento - Padrão,1.592.00,1989.7,26.0,https://www.cardinali.com.br/comprar/Sao-Carlos/Apartamento/Padrao/Centro/39163
Apartamento - Padrão,1.817.69,2782.5,36.3,https://www.cardinali.com.br/alugar/Sao-Carlos/Apartamento/Padrao/Vila-Monteiro-Gleba-I/109370
Saint Paul.,1.907.00,1282.5,16.7,https://www.cardinali.com.br/alugar/Sao-Carlos/Apartamento/Padrao/Jardim-Bethania/117693
Apartamento - Padrão,1.713.52,203.9,2.7,https://www.cardinali.com.br/comprar/Sao-Carlos/Apartamento/Padrao/Jardim-Lutfalla/118949
Apartamento com 3 dormitórios sendo 1 suíte no Recreio dos Bandeirantes próximo ao Shopping Iguatemi em São Carlos,1.925.00,3437.1,44.8,https://www.cardinali.com.br/alugar/Sao-Carlos/Apartamento/Padrao/Recreio-dos-Bandeirantes/52525
Apartamento - Padrão,1.780.00,919.0,12.0,https://www.cardinali.com.br/alugar/Sao-Carlos/Apartamento/Padrao/Cidade-Jardim/60205
Apartamento - Padrão,1.780.00,919.0,12.0,https://www.cardinali.com.br/alugar/Sao-Carlos/Apartamento/Padrao/Cidade-Jardim/60229
imóvel bem localizado.,1.790.61,1207.8,15.8,https://www.cardinali.com.br/alugar/Sao-Carlos/Apartamento/Padrao/Parque-Santa-Monica/109750
Apartamento - Padrão,1.400.00,1695.5,22.1,https://www.cardinali.com.br/alugar/Sao-Carlos/Apartamento/Padrao/Jardim-Bandeirantes/120051
apartamento de 2 dormitórios.,1.400.00,20204.9,263.5,https://www.cardinali.com.br/alugar/Sao-Carlos/Apartamento/Padrao/Loteamento-Habitacional-Sao-Carlos-I/203233
Casa - Padrão,1.400.00,1535.2,20.0,https://www.cardinali.com.br/alugar/Sao-Carlos/Casa/Padrao/Vila-Celina/207070
Apartamento - Padrão,1.748.06,3000.1,39.1,https://www.cardinali.com.br/comprar/Sao-Carlos/Apartamento/Padrao/Vila-Prado/202662
Apartamento - Padrão,1.427.00,3481.6,45.4,https://www.cardinali.com.br/alugar/Sao-Carlos/Apartamento/Padrao/Romeu-Tortorelli/200556
Apartamento de dois dormitórios .,422.00,1351.8,17.6,https://www.cardinali.com.br/comprar/Sao-Carlos/Apartamento/Padrao/Jardim-Paulistano/4900
Casa - Padrão,1.493.79,919.0,12.0,https://www.cardinali.com.br/alugar/Sao-Carlos/Casa/Padrao/Cidade-Jardim/9457
"Imóvel bem localizado, próximo à USP.",1.719.04,919.0,12.0,https://www.cardinali.com.br/comprar/Sao-Carlos/Apartamento/Padrao/Cidade-Jardim/25321
Apartamento - Padrão,1.724.66,1989.7,26.0,https://www.cardinali.com.br/alugar/Sao-Carlos/Apartamento/Padrao/Centro/27283
Apartamento - Padrão,1.825.35,203.9,2.7,https://www.cardinali.com.br/alugar/Sao-Carlos/Apartamento/Padrao/Jardim-Lutfalla/28210
"ótimo apartamento bem localizado, próximo a USP.",1.715.39,1015.4,13.2,https://www.cardinali.com.br/alugar/Sao-Carlos/Apartamento/Padrao/Jardim-Paraiso/34540
Casa - Edícula,1.471.00,1600.7,20.9,https://www.cardinali.com.br/alugar/Sao-Carlos/Casa/Edicula/Vila-Costa-do-Sol/83548
Casa - Padrão,1.445.00,2792.6,36.4,https://www.cardinali.com.br/alugar/Sao-Carlos/Casa/Padrao/Vila-Jacobucci/106009
Apartamento de um dormitório mobiliado ao lado da USP.,1.845.00,2140.3,27.9,https://www.cardinali.com.br/alugar/Sao-Carlos/Apartamento/Padrao/Parque-Arnold-Schimidt/107399
Apartamento - Padrão,1.877.57,1231.0,16.1,https://www.cardinali.com.br/alugar/Sao-Carlos/Apartamento/Padrao/Jardim-Santa-Paula/115481
Apartamento - Padrão,1.786.52,3000.1,39.1,https://www.cardinali.com.br/alugar/Sao-Carlos/Apartamento/Padrao/Vila-Prado/198711
Parque dos girassóis.,1.725.00,20204.9,263.5,https://www.cardinali.com.br/alugar/Sao-Carlos/Apartamento/Padrao/Loteamento-Habitacional-Sao-Carlos-I/202393
Parque dos girassóis.,1.725.00,20204.9,263.5,https://www.cardinali.com.br/alugar/Sao-Carlos/Apartamento/Padrao/Loteamento-Habitacional-Sao-Carlos-I/202395
Parque dos girassóis.,1.725.00,20204.9,263.5,https://www.cardinali.com.br/alugar/Sao-Carlos/Apartamento/Padrao/Loteamento-Habitacional-Sao-Carlos-I/202399
apartamento de dois dormitórios.,1.763.00,20204.9,263.5,https://www.cardinali.com.br/alugar/Sao-Carlos/Apartamento/Padrao/Loteamento-Habitacional-Sao-Carlos-I/202884
apartamento de dois dormitórios,1.445.00,4846.9,63.2,https://www.cardinali.com.br/alugar/Sao-Carlos/Apartamento/Padrao/Vila-Boa-Vista-1/203592
Casa - Padrão,1.521.20,3447.9,45.0,https://www.cardinali.com.br/comprar/Sao-Carlos/Casa/Padrao/Jardim-Ricetti/203882
Apartamento - Padrão,1.445.00,5225.2,68.2,https://www.cardinali.com.br/comprar/Sao-Carlos/Apartamento/Padrao/Recreio-Sao-Judas-Tadeu/204870
apartamento térreo completo de armários.,1.732.10,3181.6,41.5,https://www.cardinali.com.br/alugar/Sao-Carlos/Apartamento/Padrao/Vila-Rancho-Velho/206671
apartamento de dois dormitórios,1.718.10,5225.2,68.2,https://www.cardinali.com.br/comprar/Sao-Carlos/Apartamento/Padrao/Recreio-Sao-Judas-Tadeu/206822
Apartamento de dois dormitórios mobiliado no Parque Fehr.,1.671.98,6091.6,79.5,https://www.cardinali.com.br/alugar/Sao-Carlos/Apartamento/Padrao/Parque-Fehr/207138
Apartamento de um dormitório ao lado da USP.,1.825.35,203.9,2.7,https://www.cardinali.com.br/alugar/Sao-Carlos/Apartamento/Padrao/Jardim-Lutfalla/207367
Casa de dois dormitórios sendo um suíte,1.463.08,5283.4,68.9,https://www.cardinali.com.br/alugar/Sao-Carlos/Casa/Padrao/Mirante-da-Bela-Vista/207428
Apartamento padrão lançamento com ótimo preço,1.695.00,5225.2,68.2,https://www.cardinali.com.br/alugar/Sao-Carlos/Apartamento/Padrao/Recreio-Sao-Judas-Tadeu/207547
apartamento semi mobiliado de um dormitório Próximo a USP.,1.696.00,2140.3,27.9,https://www.cardinali.com.br/alugar/Sao-Carlos/Apartamento/Padrao/Parque-Arnold-Schimidt/207645
Linda casa em boa localização perto a escola Jesuíno de Arruda,1.525.31,4285.8,55.9,https://www.cardinali.com.br/alugar/Sao-Carlos/Casa/Padrao/Jardim-Cruzeiro-do-Sul/207690
Apartamento Próximo a Getulio Vargas,1.735.00,5225.2,68.2,https://www.cardinali.com.br/alugar/Sao-Carlos/Apartamento/Padrao/Recreio-Sao-Judas-Tadeu/207791
Apartamento Próximo a Getulio Vargas,1.735.00,5225.2,68.2,https://www.cardinali.com.br/alugar/Sao-Carlos/Apartamento/Padrao/Recreio-Sao-Judas-Tadeu/207792
Apartamento Próximo a Getulio Vargas,1.735.00,5225.2,68.2,https://www.cardinali.com.br/alugar/Sao-Carlos/Apartamento/Padrao/Recreio-Sao-Judas-Tadeu/207793
Apartamento Próximo a Getulio Vargas,1.735.00,5225.2,68.2,https://www.cardinali.com.br/alugar/Sao-Carlos/Apartamento/Padrao/Recreio-Sao-Judas-Tadeu/207794
Apartamento Próximo a Getulio Vargas,1.735.00,5225.2,68.2,https://www.cardinali.com.br/alugar/Sao-Carlos/Apartamento/Padrao/Recreio-Sao-Judas-Tadeu/207795
Apartamento Próximo a Getulio Vargas,1.735.00,5225.2,68.2,https://www.cardinali.com.br/alugar/Sao-Carlos/Apartamento/Padrao/Recreio-Sao-Judas-Tadeu/207796
Casa - Padrão,1.520.00,2798.8,36.5,https://www.cardinali.com.br/comprar/Sao-Carlos/Casa/Padrao/Parque-Santa-Felicia-Jardim/38770
apartamento de dois dormitórios,1.979.00,1207.8,15.8,https://www.cardinali.com.br/comprar/Sao-Carlos/Apartamento/Padrao/Parque-Santa-Monica/108173
apartamento de dois dormitórios,1.450.00,2782.5,36.3,https://www.cardinali.com.br/alugar/Sao-Carlos/Apartamento/Padrao/Vila-Monteiro-Gleba-I/203559
Apartamento - Padrão,1.700.00,4846.9,63.2,https://www.cardinali.com.br/alugar/Sao-Carlos/Apartamento/Padrao/Vila-Boa-Vista-1/202761
Casa - Padrão,1.460.00,3459.3,45.1,https://www.cardinali.com.br/alugar/Sao-Carlos/Casa/Padrao/Jardim-Nossa-Senhora-Aparecida/36790
Apartamento - Padrão,1.859.68,3000.1,39.1,https://www.cardinali.com.br/comprar/Sao-Carlos/Apartamento/Padrao/Vila-Prado/198603
Apartamento - Padrão,1.857.49,3000.1,39.1,https://www.cardinali.com.br/comprar/Sao-Carlos/Apartamento/Padrao/Vila-Prado/198604
Apartamento - Padrão,1.872.92,3000.1,39.1,https://www.cardinali.com.br/comprar/Sao-Carlos/Apartamento/Padrao/Vila-Prado/198608
Apartamento - Padrão,1.859.68,3000.1,39.1,https://www.cardinali.com.br/comprar/Sao-Carlos/Apartamento/Padrao/Vila-Prado/198609
Apartamento - Padrão,1.836.48,3000.1,39.1,https://www.cardinali.com.br/comprar/Sao-Carlos/Apartamento/Padrao/Vila-Prado/204898
Apartamento - Padrão,1.785.00,4530.6,59.1,https://www.cardinali.com.br/alugar/Sao-Carlos/Apartamento/Padrao/Vila-Izabel/118042
Apartamento - Padrão,2.076.10,1366.0,17.8,https://www.cardinali.com.br/alugar/Sao-Carlos/Apartamento/Padrao/Jardim-Nova-Santa-Paula/35869
apartamento de dois dormitórios.,1.898.00,1015.4,13.2,https://www.cardinali.com.br/alugar/Sao-Carlos/Apartamento/Padrao/Jardim-Paraiso/37627
Apartamento - Padrão,1.842.71,2140.3,27.9,https://www.cardinali.com.br/comprar/Sao-Carlos/Apartamento/Padrao/Parque-Arnold-Schimidt/52870
Humberto Petrilli.,1.625.09,848.1,11.1,https://www.cardinali.com.br/alugar/Sao-Carlos/Apartamento/Padrao/Jardim-Macarengo/82675
Edifício Esperança.,1.720.00,2140.3,27.9,https://www.cardinali.com.br/alugar/Sao-Carlos/Apartamento/Padrao/Parque-Arnold-Schimidt/101437
Casa - Padrão,1.539.85,3000.1,39.1,https://www.cardinali.com.br/alugar/Sao-Carlos/Casa/Padrao/Vila-Prado/108679
Apartamento - Padrão,1.500.00,6904.5,90.1,https://www.cardinali.com.br/alugar/Sao-Carlos/Apartamento/Padrao/Jardim-Embare/110657
"Imóvel em ótima localização, próximo ao Hospital Universitário e UFscar",1.600.27,1535.2,20.0,https://www.cardinali.com.br/alugar/Sao-Carlos/Casa/Padrao/Vila-Celina/110698
Apartamento com 1 dormitório no Jardim Paraíso próximo ao Hospital Santa Casa em São Carlos,1.800.00,1015.4,13.2,https://www.cardinali.com.br/alugar/Sao-Carlos/Apartamento/Padrao/Jardim-Paraiso/111698
Imóvel bem localizado,1.795.00,1989.7,26.0,https://www.cardinali.com.br/alugar/Sao-Carlos/Apartamento/Padrao/Centro/114258
Apartamento com 2 dormitórios sendo 1 suíte no Parque Santa Mônica próximo ao Shopping Iguatemi em São Carlos,2.045.00,1207.8,15.8,https://www.cardinali.com.br/alugar/Sao-Carlos/Apartamento/Padrao/Parque-Santa-Monica/114604
Apartamento - Padrão,1.942.31,2782.5,36.3,https://www.cardinali.com.br/alugar/Sao-Carlos/Apartamento/Padrao/Vila-Monteiro/119943
Apartamento - Padrão,1.920.44,3000.1,39.1,https://www.cardinali.com.br/alugar/Sao-Carlos/Apartamento/Padrao/Vila-Prado/203196
Apartamento - Padrão,1.920.44,3000.1,39.1,https://www.cardinali.com.br/alugar/Sao-Carlos/Apartamento/Padrao/Vila-Prado/203197
Casa - Padrão,1.500.00,1990.3,26.0,https://www.cardinali.com.br/alugar/Sao-Carlos/Casa/Padrao/Nucleo-Residencial-Silvio-Vilari/204106
